,USFLUX,MEANGAM,MEANGBT,MEANGBZ,MEANGBH,MEANJZD,TOTUSJZ,MEANALP,MEANJZH,TOTUSJH,ABSNJZH,SAVNCPP,MEANPOT,TOTPOT,MEANSHR,SHRGT45,ERRVF,ERRGAM,ERRBT,ERRBZ,ERRBH,ERRJZ,ERRUSI,ERRALP,ERRMIH,ERRTAI,ERRJHT,ERRMPOT,ERRTPOT,ERRMSHA
2017-08-29 10:00:00,3.214557e+21,58.001,59.884,63.609,41.693,0.47858629,2574733000000.0,0.01362147,0.00774876,199.668,35.66,1337526000000.0,15291.51,9.345652e+22,47.086,55.063,5.233459e+18,0.087,0.529,0.611,0.455,0.15248205,93191860000.0,0.00205268,0.00116767,5.374,376563100000.0,31.59811,1.93117e+20,0.002
2017-08-29 11:00:00,3.164315e+21,58.939,58.055,58.011,40.591,0.35344881,2479276000000.0,0.01401827,0.00778313,178.892,36.332,1149701000000.0,14893.16,9.232732e+22,49.576,58.398,4.771639e+18,0.088,0.492,0.552,0.443,0.14105181,87442420000.0,0.00193243,0.00107287,5.008,353283200000.0,28.93966,1.79406e+20,0.001
2017-08-29 12:00:00,3.270645e+21,57.78,58.568,59.61,40.348,0.23471442,2724063000000.0,0.01240462,0.0068221,199.083,32.814,665711500000.0,14542.58,9.289649e+22,47.984,54.657,5.051097e+18,0.088,0.513,0.566,0.446,0.14562206,93021840000.0,0.00199825,0.00109893,5.286,375767000000.0,28.81989,1.840984e+20,0.001
2017-08-29 13:00:00,3.247611e+21,57.976,62.045,68.51,40.834,0.53150278,2850621000000.0,0.01430552,0.00770639,196.382,37.623,1391805000000.0,14509.52,9.407264e+22,48.344,55.367,4.688808e+18,0.088,0.477,0.519,0.431,0.13412137,86957760000.0,0.00192538,0.00103721,5.064,351213200000.0,28.3144,1.835768e+20,0.001
2017-08-29 14:00:00,3.260418e+21,57.626,61.393,62.921,40.459,0.16701683,2633836000000.0,0.01381718,0.00785404,191.784,36.985,601642700000.0,14543.43,9.095114e+22,47.253,55.107,4.802439e+18,0.09,0.498,0.549,0.443,0.14242369,89068370000.0,0.00196818,0.00111877,5.268,359678700000.0,29.4161,1.839613e+20,0.004
2017-08-29 15:00:00,3.268368e+21,57.377,61.519,63.238,41.383,0.44008827,2753001000000.0,0.01429816,0.00808895,196.098,38.455,1121853000000.0,14436.11,9.114273e+22,47.727,55.006,4.751729e+18,0.083,0.485,0.54,0.433,0.14013819,88476570000.0,0.00200956,0.00113691,5.405,357233900000.0,28.97671,1.829452e+20,0.002
2017-08-29 16:00:00,3.243363e+21,56.866,62.068,63.205,41.329,0.48015302,2738643000000.0,0.01460506,0.00855398,212.71,39.536,1242032000000.0,14522.59,8.914287e+22,47.166,52.921,4.762871e+18,0.082,0.503,0.553,0.449,0.14376734,88247570000.0,0.00211369,0.00123807,5.722,356261400000.0,29.29701,1.798315e+20,0.003
2017-08-29 17:00:00,3.229993e+21,56.165,65.065,65.491,43.246,0.16657172,2528669000000.0,0.0135817,0.00884243,209.581,38.491,1020801000000.0,15454.86,8.934419e+22,47.887,53.71,4.298611e+18,0.068,0.493,0.534,0.442,0.14133216,81703800000.0,0.00213872,0.00139249,6.061,329808300000.0,30.43919,1.759683e+20,0.001
2017-08-29 18:00:00,3.315603e+21,57.233,64.913,65.451,43.865,0.41557807,2894346000000.0,0.01520991,0.00928807,216.548,44.09,1521824000000.0,15091.41,9.513969e+22,48.373,55.804,4.392936e+18,0.068,0.453,0.496,0.417,0.13493574,85066560000.0,0.00216692,0.00132333,6.282,343357000000.0,29.59413,1.865681e+20,0.001
2017-08-29 19:00:00,3.443019e+21,58.226,63.209,64.46,42.06,0.29472229,3050511000000.0,0.01418129,0.00826238,210.024,42.799,1389013000000.0,13906.37,9.566567e+22,48.519,57.336,4.585638e+18,0.071,0.423,0.472,0.387,0.12912154,88826190000.0,0.00212912,0.00124055,6.426,358518700000.0,27.12913,1.866286e+20,0.002
2017-08-29 20:00:00,3.3186e+21,58.559,66.791,69.326,45.156,0.3884432,2988453000000.0,0.01101912,0.00695775,217.984,33.001,987561900000.0,15347.41,9.667202e+22,48.877,58.022,4.158051e+18,0.069,0.429,0.468,0.401,0.12914275,81345900000.0,0.00205201,0.00129572,6.146,328327200000.0,29.97321,1.887987e+20,0.002
2017-08-29 21:00:00,3.359372e+21,56.724,66.273,65.685,45.171,0.31720018,2873887000000.0,0.01350841,0.00888673,214.09,40.879,1130126000000.0,15205.48,9.289034e+22,47.864,57.239,4.319748e+18,0.069,0.465,0.504,0.427,0.1375815,84048600000.0,0.00212382,0.00139725,6.427,339248400000.0,31.01614,1.894777e+20,0.002
2017-08-29 22:00:00,3.452243e+21,55.726,68.759,70.514,44.689,0.36783496,2923909000000.0,0.01203136,0.00810853,210.373,37.648,1159850000000.0,15468.38,9.537976e+22,46.775,55.74,4.354723e+18,0.07,0.471,0.505,0.437,0.1409445,86907930000.0,0.00205085,0.00138224,6.418,350814400000.0,31.82754,1.962521e+20,0.001
2017-08-29 23:00:00,3.554264e+21,56.7,67.118,67.105,43.915,0.39832962,2951508000000.0,0.01473532,0.00926716,213.67,46.91,1583778000000.0,14817.96,9.961463e+22,47.426,57.151,4.677599e+18,0.073,0.451,0.496,0.425,0.13729016,92294150000.0,0.00204869,0.00128854,6.523,372592600000.0,30.52647,2.05216e+20,0.002
2017-08-30 00:00:00,3.662853e+21,55.825,64.264,65.267,41.183,0.44236773,3191505000000.0,0.01592719,0.00918231,214.3,50.787,1710590000000.0,13666.08,1.004012e+23,46.309,54.121,4.822067e+18,0.074,0.425,0.468,0.396,0.1298012,95361610000.0,0.00210198,0.00121197,6.703,385020600000.0,28.34033,2.082091e+20,0.001
2017-08-30 01:00:00,3.52105e+21,56.723,67.835,72.098,44.12,0.41306198,3264678000000.0,0.01212394,0.00722986,212.93,37.537,1392864000000.0,14743.11,1.016568e+23,47.051,55.759,4.536222e+18,0.071,0.434,0.47,0.414,0.13251549,91372180000.0,0.00206937,0.00123415,6.408,368959500000.0,30.65441,2.113685e+20,0.001
2017-08-30 02:00:00,3.608686e+21,55.674,65.223,65.814,41.989,0.33202615,2996454000000.0,0.01426219,0.0084853,204.295,45.337,1141239000000.0,13967.03,9.910643e+22,47.311,56.036,4.663548e+18,0.074,0.445,0.468,0.423,0.13395824,95053310000.0,0.00216864,0.00129028,6.894,383871700000.0,30.25592,2.146882e+20,0.002
2017-08-30 03:00:00,3.540092e+21,55.486,68.909,71.633,42.91,0.41772777,3039552000000.0,0.01520588,0.00940107,205.81,48.021,1595417000000.0,14450.94,9.804932e+22,46.36,54.198,4.541203e+18,0.068,0.442,0.476,0.422,0.13610704,92348350000.0,0.00211664,0.00130872,6.685,372990500000.0,30.85034,2.093189e+20,0.001
2017-08-30 04:00:00,3.391852e+21,56.668,68.0,67.512,44.229,0.14245376,2836311000000.0,0.01377961,0.00895683,193.607,42.697,879196600000.0,14898.73,9.432073e+22,48.17,57.94,4.374261e+18,0.07,0.474,0.492,0.449,0.14173889,89731910000.0,0.00223122,0.00145034,6.914,362457200000.0,32.07928,2.030872e+20,0.002
2017-08-30 05:00:00,3.215396e+21,57.305,69.107,68.963,46.23,0.13698983,2870696000000.0,0.01447668,0.00975907,194.755,43.291,697392800000.0,15537.86,9.153675e+22,48.553,58.927,4.114547e+18,0.067,0.472,0.497,0.451,0.14249818,83948610000.0,0.00223835,0.00150894,6.694,339119500000.0,33.0678,1.948092e+20,0.003
2017-08-30 06:00:00,3.302953e+21,56.675,70.011,69.833,46.031,0.12555353,2872865000000.0,0.01457807,0.00943717,194.016,43.845,635123600000.0,14505.04,8.949749e+22,47.28,56.715,4.108511e+18,0.064,0.455,0.474,0.434,0.13822666,85287150000.0,0.00230579,0.00149277,6.935,344538700000.0,31.94571,1.97108e+20,0.001
2017-08-30 09:00:00,3.213413e+21,55.314,68.715,69.354,46.808,0.45278326,3080751000000.0,0.01364884,0.00896835,196.021,39.837,1078906000000.0,14645.65,8.639722e+22,46.713,52.049,4.399947e+18,0.072,0.522,0.531,0.491,0.15696399,92595780000.0,0.00252745,0.0016608,7.377,374018700000.0,33.3826,1.969297e+20,0.004
2017-08-30 10:00:00,3.11179e+21,57.116,67.275,68.81,47.318,0.31529191,2888514000000.0,0.01298832,0.00840406,190.896,36.835,786011200000.0,14845.25,8.641149e+22,48.42,55.921,4.163171e+18,0.07,0.501,0.508,0.481,0.15266006,88860650000.0,0.00254006,0.00164358,7.204,358892100000.0,33.9748,1.977612e+20,0.002
2017-08-30 11:00:00,3.203066e+21,55.754,67.274,67.854,46.759,0.23357229,3220956000000.0,0.01161802,0.00715697,206.703,33.065,578723400000.0,13858.72,8.503107e+22,47.185,54.589,4.239341e+18,0.076,0.489,0.492,0.465,0.14762329,90575220000.0,0.00252967,0.00155839,7.2,365767100000.0,31.62659,1.94047e+20,0.001
2017-08-30 12:00:00,3.258663e+21,55.781,67.561,67.99,46.262,0.20158084,3145053000000.0,0.01104034,0.00681807,213.509,31.813,610037000000.0,13967.63,8.655257e+22,47.968,56.215,4.39089e+18,0.076,0.494,0.502,0.47,0.15145549,93851760000.0,0.00249315,0.00153968,7.184,378939800000.0,32.09452,1.988787e+20,0.001
2017-08-30 13:00:00,3.237234e+21,55.726,67.984,67.741,46.743,0.30924672,3292767000000.0,0.01308838,0.0081598,220.982,37.878,782463000000.0,14055.05,8.66463e+22,47.63,55.989,4.14207e+18,0.07,0.479,0.478,0.459,0.14587942,89931490000.0,0.00250163,0.00155965,7.24,363051400000.0,31.67562,1.952733e+20,0.002
2017-08-30 14:00:00,3.171916e+21,56.301,67.378,67.366,47.272,0.14232717,3143768000000.0,0.01121508,0.00703437,208.574,31.971,573495100000.0,14229.99,8.589165e+22,47.904,56.15,4.207883e+18,0.073,0.495,0.496,0.474,0.1514841,91435220000.0,0.00254872,0.00159868,7.266,369061300000.0,32.30167,1.949716e+20,0.003
2017-08-30 15:00:00,3.183166e+21,57.028,67.125,67.061,47.164,0.09377681,2967225000000.0,0.01074117,0.00688654,188.11,31.244,232191100000.0,14494.38,8.733352e+22,48.864,56.998,4.124011e+18,0.072,0.495,0.487,0.479,0.15083846,90885260000.0,0.00257289,0.00164961,7.484,366785200000.0,32.79009,1.975714e+20,0.003
2017-08-30 16:00:00,3.127068e+21,56.499,69.898,68.496,48.832,0.1147843,2840570000000.0,0.00884121,0.00605085,182.664,25.783,262099800000.0,15371.5,8.698422e+22,47.92,55.034,4.074387e+18,0.065,0.518,0.511,0.502,0.15896998,89957900000.0,0.00261949,0.00179276,7.639,362993900000.0,35.59279,2.014124e+20,0.004
2017-08-30 17:00:00,3.178116e+21,57.181,70.496,69.476,49.653,0.1349839,2861243000000.0,0.00842284,0.00578856,175.317,25.365,316942600000.0,15652.66,9.109053e+22,48.919,57.257,4.326039e+18,0.067,0.531,0.526,0.515,0.16461283,95796300000.0,0.00266533,0.00183176,8.027,386511400000.0,36.34554,2.115126e+20,0.003
2017-08-30 18:00:00,3.275065e+21,57.661,69.483,70.843,47.63,0.19743553,3369726000000.0,0.0120251,0.00734743,186.589,36.223,815519700000.0,14069.7,9.2118e+22,49.175,58.864,4.204205e+18,0.063,0.453,0.454,0.451,0.14359124,94012920000.0,0.00249941,0.00152726,7.529,379288000000.0,32.11921,2.102928e+20,0.002
2017-08-30 20:00:00,3.213182e+21,58.328,71.62,70.827,48.621,0.32905063,3186137000000.0,0.01431883,0.00890672,178.454,42.636,1150351000000.0,14958.59,9.511682e+22,49.851,60.088,3.979713e+18,0.058,0.447,0.443,0.46,0.14308299,90981840000.0,0.00257509,0.00160184,7.668,367046500000.0,35.20785,2.238753e+20,0.001
2017-08-30 21:00:00,3.19498e+21,57.689,72.531,72.989,48.286,0.54433686,3173344000000.0,0.01350081,0.00860357,174.085,40.11,1448737000000.0,15129.11,9.366952e+22,49.802,59.738,4.004457e+18,0.062,0.459,0.459,0.469,0.14601731,90404340000.0,0.00244184,0.00155623,7.255,364730600000.0,35.54352,2.200622e+20,0.002
2017-08-30 22:00:00,3.284033e+21,57.548,73.354,74.822,48.781,0.40604955,3270878000000.0,0.01337847,0.00846056,175.604,40.619,1501897000000.0,15166.53,9.670095e+22,48.956,57.863,3.918558e+18,0.059,0.442,0.436,0.457,0.14101708,89911680000.0,0.0023071,0.00145909,7.005,362768600000.0,35.39014,2.256455e+20,0.002
2017-08-30 23:00:00,3.255274e+21,58.217,71.295,71.301,46.586,0.42134905,3314956000000.0,0.01390134,0.00848695,170.42,41.629,2047990000000.0,14841.63,9.667924e+22,49.034,59.001,3.854829e+18,0.057,0.426,0.422,0.438,0.1384256,90171240000.0,0.00228367,0.00139431,6.839,363851400000.0,34.78836,2.266134e+20,0.004
2017-08-31 00:00:00,3.263437e+21,57.098,72.669,73.086,47.934,0.41839579,3302369000000.0,0.0139381,0.00848563,185.3,41.444,1165201000000.0,14712.19,9.542571e+22,48.521,58.804,3.439215e+18,0.054,0.39,0.376,0.4,0.12382768,80316700000.0,0.0021891,0.00133285,6.51,324124700000.0,32.52637,2.109715e+20,0.002
2017-08-31 01:00:00,3.293766e+21,57.965,72.03,70.91,47.795,0.28066558,3453608000000.0,0.01444362,0.00866482,181.878,43.549,1282421000000.0,14768.14,9.859327e+22,49.287,60.076,3.426253e+18,0.054,0.382,0.363,0.393,0.12147791,81099620000.0,0.00213659,0.00128181,6.442,327325100000.0,31.74041,2.119015e+20,0.002
2017-08-31 02:00:00,3.230414e+21,58.721,72.25,70.381,48.562,0.28902102,3189642000000.0,0.01316842,0.00818509,173.693,39.698,817598100000.0,15370.46,9.900138e+22,49.174,60.392,3.42311e+18,0.052,0.39,0.376,0.399,0.12506308,80553320000.0,0.00206944,0.00128637,6.239,325160700000.0,33.87451,2.181863e+20,0.003
2017-08-31 03:00:00,3.225537e+21,59.149,71.515,71.281,48.637,0.25467068,3190449000000.0,0.01296168,0.00800102,163.679,39.357,1438301000000.0,15093.52,9.860069e+22,50.197,61.74,3.59697e+18,0.055,0.397,0.389,0.405,0.12567863,82101480000.0,0.00201176,0.00124194,6.109,331447700000.0,33.52555,2.190108e+20,0.002
2017-08-31 04:00:00,3.224902e+21,59.116,75.52,75.88,50.628,0.41318282,3391356000000.0,0.01383512,0.0087768,174.741,42.33,1084500000000.0,15597.55,9.990476e+22,51.036,61.746,3.8741e+18,0.057,0.439,0.428,0.451,0.14051273,90000640000.0,0.00219207,0.00139075,6.708,363371200000.0,37.82774,2.422927e+20,0.002
2017-08-31 05:00:00,3.181749e+21,58.398,78.276,76.878,52.775,0.26478392,3418466000000.0,0.01446527,0.00971746,182.001,43.962,1355847000000.0,15922.24,9.566203e+22,49.684,60.389,3.667798e+18,0.055,0.45,0.433,0.47,0.14378683,86388200000.0,0.00234329,0.00157418,7.122,348809500000.0,37.4589,2.250559e+20,0.002
2017-08-31 06:00:00,3.14962e+21,59.776,79.41,76.823,53.641,0.4487201,3280247000000.0,0.01612818,0.0106621,172.776,48.726,1099646000000.0,15880.3,9.638014e+22,50.133,61.51,3.533675e+18,0.053,0.432,0.413,0.45,0.13969572,84783610000.0,0.00237061,0.00156725,7.162,342342100000.0,37.01334,2.2464e+20,0.002
2017-08-31 09:00:00,3.057249e+21,60.787,73.571,71.94,51.855,0.18297616,3534718000000.0,0.01430773,0.00863798,168.714,41.004,845424500000.0,15059.53,9.493867e+22,51.987,63.493,3.958839e+18,0.065,0.484,0.446,0.499,0.15762588,99370920000.0,0.00246395,0.00148757,7.062,401193800000.0,37.53497,2.366289e+20,0.003
2017-08-31 10:00:00,3.009594e+21,61.253,71.599,70.599,51.907,0.20769715,3504014000000.0,0.01474416,0.00865382,162.275,41.08,819604400000.0,14836.56,9.353307e+22,51.838,64.63,3.838519e+18,0.064,0.472,0.431,0.481,0.15037732,94801280000.0,0.00234072,0.00137384,6.522,382702200000.0,37.20922,2.345754e+20,0.005
2017-08-31 11:00:00,3.01287e+21,60.229,71.322,71.241,50.006,0.24662152,3219718000000.0,0.01449483,0.0084864,168.393,40.056,966345000000.0,14651.68,9.184218e+22,50.894,61.886,3.729278e+18,0.062,0.464,0.422,0.479,0.1492894,93580120000.0,0.00260024,0.00152238,7.186,377720600000.0,37.0798,2.324299e+20,0.003
2017-08-31 12:00:00,3.024889e+21,59.783,74.326,74.105,50.435,0.28491053,3293411000000.0,0.01544927,0.00923586,176.084,42.771,707309000000.0,14743.28,9.069332e+22,50.254,61.334,3.657558e+18,0.062,0.47,0.422,0.489,0.15047897,92567160000.0,0.00263638,0.00157606,7.299,373573900000.0,38.19768,2.349731e+20,0.001
2017-08-31 13:00:00,3.052884e+21,59.181,74.039,74.949,51.753,0.17909299,3433765000000.0,0.01430746,0.00853914,181.993,39.391,490654700000.0,14598.18,8.943242e+22,49.698,61.11,3.660166e+18,0.061,0.469,0.424,0.488,0.15035369,92110720000.0,0.00257516,0.00153693,7.09,371670500000.0,37.66258,2.307311e+20,0.002
2017-08-31 14:00:00,3.008503e+21,59.794,74.35,74.701,50.846,0.26013738,3221822000000.0,0.0144243,0.00869947,173.341,39.635,635002900000.0,14678.45,8.881302e+22,50.484,61.721,3.611483e+18,0.061,0.472,0.424,0.487,0.15148157,91655000000.0,0.00258758,0.00156059,7.11,369771000000.0,38.22194,2.312646e+20,0.003
2017-08-31 15:00:00,2.985095e+21,60.269,75.282,75.626,52.557,0.33295193,3289605000000.0,0.01439999,0.00871534,167.512,39.402,806378000000.0,14703.49,8.828108e+22,50.518,62.309,3.602958e+18,0.06,0.48,0.425,0.497,0.15436456,92681850000.0,0.00257724,0.00155983,7.052,373856300000.0,38.90738,2.336034e+20,0.002
2017-08-31 16:00:00,2.990478e+21,61.167,73.847,73.932,52.216,0.37164789,3441230000000.0,0.01522052,0.00908749,166.961,42.039,1127933000000.0,14492.14,8.903294e+22,51.537,62.257,3.74562e+18,0.06,0.491,0.432,0.509,0.15905464,97715760000.0,0.00252829,0.00150949,6.983,394109100000.0,39.73214,2.440957e+20,0.003
2017-08-31 17:00:00,3.060855e+21,60.792,75.921,74.754,52.818,0.44133538,3292660000000.0,0.0155053,0.00943406,156.682,44.066,1104071000000.0,15033.53,9.325742e+22,51.055,61.571,3.435493e+18,0.057,0.448,0.393,0.463,0.144931,89904980000.0,0.00226888,0.00138048,6.448,362568000000.0,36.35773,2.255378e+20,0.002
2017-08-31 18:00:00,3.165007e+21,60.667,75.77,74.838,51.433,0.14393073,3568869000000.0,0.01565891,0.00912061,161.461,45.858,908760400000.0,14333.52,9.571078e+22,51.093,60.859,3.247845e+18,0.047,0.388,0.344,0.403,0.12388628,82723910000.0,0.00221846,0.00129216,6.497,333583900000.0,33.58701,2.242742e+20,0.002
2017-08-31 19:00:00,3.143975e+21,59.817,77.538,75.236,52.022,0.29723322,3446971000000.0,0.01652239,0.0099505,164.129,47.892,766257100000.0,14598.87,9.333357e+22,50.615,60.386,3.179497e+18,0.046,0.393,0.352,0.416,0.12722051,81334690000.0,0.00245277,0.00147714,7.109,327970100000.0,34.77272,2.223092e+20,0.004
2017-08-31 20:00:00,3.097928e+21,60.43,80.92,78.575,54.704,0.21610078,3293111000000.0,0.01735222,0.01161272,167.665,51.375,656290200000.0,15862.57,9.319685e+22,50.268,60.42,3.131681e+18,0.05,0.421,0.377,0.438,0.13597365,79888180000.0,0.0022197,0.00148546,6.572,322137900000.0,36.18227,2.125805e+20,0.002
2017-08-31 21:00:00,3.129314e+21,59.898,81.248,79.993,55.513,0.26157448,3106023000000.0,0.0149948,0.01027241,159.715,45.055,735097600000.0,16638.13,9.691381e+22,49.909,59.986,3.084404e+18,0.049,0.425,0.375,0.443,0.13772084,80219670000.0,0.00212325,0.0014546,6.38,323487200000.0,37.49894,2.184239e+20,0.003
2017-08-31 22:00:00,3.146951e+21,60.567,76.582,75.501,52.897,0.30772662,3289441000000.0,0.01561996,0.0100232,155.562,46.868,846107200000.0,15784.41,9.802021e+22,51.381,61.997,2.861246e+18,0.045,0.375,0.327,0.389,0.11785979,73190190000.0,0.00201484,0.00129294,6.046,295161700000.0,32.57927,2.023152e+20,0.002
2017-08-31 23:00:00,3.200277e+21,60.271,75.425,74.708,50.976,0.23099652,3442999000000.0,0.01403989,0.00850413,162.975,41.849,699089700000.0,15140.69,9.894901e+22,50.364,59.785,2.703259e+18,0.04,0.336,0.293,0.351,0.10583769,69168170000.0,0.00205861,0.00124697,6.136,278969000000.0,29.40239,1.921536e+20,0.002
2017-09-01 00:00:00,3.172122e+21,59.577,77.176,77.279,51.753,0.27594551,3365518000000.0,0.01425773,0.00882149,170.869,42.026,704219000000.0,15109.95,9.559768e+22,50.343,60.306,2.705725e+18,0.04,0.344,0.303,0.366,0.11020004,69721410000.0,0.00225919,0.00139783,6.659,281232900000.0,30.81661,1.949706e+20,0.002
2017-09-01 01:00:00,3.109879e+21,60.332,78.716,77.575,53.173,0.38808385,3239082000000.0,0.01597743,0.01007826,163.512,46.713,1283354000000.0,15643.93,9.629601e+22,50.922,61.165,2.673521e+18,0.041,0.35,0.307,0.371,0.11213164,69022470000.0,0.00227484,0.00143492,6.651,278448400000.0,31.52844,1.940728e+20,0.002
2017-09-01 02:00:00,3.126052e+21,60.561,78.07,76.473,52.718,0.40905768,3339752000000.0,0.0164363,0.01002956,159.632,47.751,1208321000000.0,15096.67,9.545355e+22,50.679,60.786,2.641356e+18,0.04,0.339,0.295,0.359,0.10762296,68048060000.0,0.00220351,0.00134462,6.402,274551500000.0,29.703,1.878067e+20,0.003
2017-09-01 03:00:00,3.138512e+21,61.085,76.779,75.992,51.713,0.37839702,3227636000000.0,0.01593907,0.00980897,157.568,47.014,1061836000000.0,15047.01,9.577895e+22,50.909,60.88,2.588969e+18,0.039,0.336,0.288,0.353,0.10569149,67275970000.0,0.00209067,0.00128664,6.167,271467200000.0,29.44857,1.874495e+20,0.001
2017-09-01 04:00:00,3.08406e+21,60.598,79.229,78.122,52.818,0.41138431,3176128000000.0,0.01505346,0.00968078,152.387,44.173,1006245000000.0,15426.58,9.35035e+22,50.874,60.408,2.766461e+18,0.043,0.375,0.323,0.392,0.11827038,71685990000.0,0.00209603,0.00134793,6.151,289289100000.0,32.90925,1.994694e+20,0.002
2017-09-01 05:00:00,3.023123e+21,60.022,82.311,81.47,55.104,0.41774285,3103229000000.0,0.01603653,0.01078668,154.549,46.21,959174200000.0,16173.6,9.201712e+22,49.785,59.01,2.782744e+18,0.046,0.404,0.346,0.425,0.12983876,73869710000.0,0.00219349,0.00147546,6.321,298121200000.0,35.09587,1.996724e+20,0.004
2017-09-01 06:00:00,2.977942e+21,61.167,82.257,79.715,56.258,0.33731905,3293137000000.0,0.016369,0.01072522,161.504,46.633,805323700000.0,16025.17,9.25347e+22,50.758,61.27,2.75873e+18,0.044,0.392,0.338,0.414,0.12789731,73852220000.0,0.00228764,0.00149889,6.517,298060200000.0,34.23206,1.976675e+20,0.004
2017-09-01 09:00:00,2.914705e+21,61.48,80.754,78.3,56.174,-0.04603493,3397272000000.0,0.01631049,0.01007102,154.54,44.725,549707400000.0,15615.5,9.211856e+22,51.472,61.099,2.700901e+18,0.052,0.398,0.325,0.426,0.12790708,75454610000.0,0.00229571,0.0014175,6.295,304488800000.0,32.33663,1.907594e+20,0.007
2017-09-01 10:00:00,2.838764e+21,62.043,79.507,78.004,55.738,0.17865863,3079192000000.0,0.01476284,0.00928305,148.547,39.555,496714200000.0,15897.86,8.996275e+22,51.528,61.159,2.836933e+18,0.055,0.43,0.356,0.458,0.13862376,78444370000.0,0.00241011,0.0015155,6.458,316518300000.0,34.36913,1.944879e+20,0.006
2017-09-01 11:00:00,2.853237e+21,61.792,79.486,78.665,55.234,0.27178738,3268260000000.0,0.01742351,0.01039905,153.81,45.818,641598700000.0,15335.07,8.973109e+22,51.519,62.982,2.844173e+18,0.052,0.419,0.345,0.44,0.13363039,78192000000.0,0.00245836,0.00146729,6.465,315456500000.0,33.5239,1.961605e+20,0.012
2017-09-01 12:00:00,2.864517e+21,61.186,81.013,79.662,56.243,0.16136104,3309000000000.0,0.01766124,0.01076706,158.077,46.697,506395500000.0,15556.63,8.960203e+22,51.472,62.924,2.815333e+18,0.049,0.411,0.346,0.429,0.13046736,75145680000.0,0.00242048,0.00147566,6.4,303119100000.0,33.46223,1.927334e+20,0.004
2017-09-01 13:00:00,2.834049e+21,61.598,80.317,77.725,55.572,0.30027628,3130310000000.0,0.01760882,0.01067044,149.517,46.406,802453000000.0,15293.93,8.833265e+22,51.604,63.693,2.752857e+18,0.049,0.403,0.338,0.419,0.12722038,73478230000.0,0.00243587,0.00147609,6.42,296344100000.0,32.54569,1.87973e+20,0.003
2017-09-01 14:00:00,2.864626e+21,61.728,80.137,78.167,55.346,0.24658126,3373152000000.0,0.01741231,0.0103482,163.066,46.008,587095100000.0,15159.28,8.950774e+22,51.442,62.393,2.733888e+18,0.051,0.398,0.328,0.419,0.1267802,74857190000.0,0.00241401,0.00143468,6.379,301856000000.0,31.2839,1.847154e+20,0.008
2017-09-01 15:00:00,2.856672e+21,62.469,80.171,78.579,55.547,0.26155481,3334002000000.0,0.01684881,0.01001414,154.649,44.823,626852200000.0,15217.25,9.045628e+22,52.38,63.382,2.705683e+18,0.055,0.403,0.323,0.432,0.12997325,77260330000.0,0.00240194,0.00142761,6.39,311498800000.0,30.83478,1.83292e+20,0.004
2017-09-01 16:00:00,2.854939e+21,61.7,83.515,80.641,58.345,0.26438341,3364477000000.0,0.01883665,0.01166392,156.765,50.388,713815300000.0,16049.71,9.207962e+22,51.497,61.852,2.604211e+18,0.056,0.408,0.324,0.451,0.13513973,77531710000.0,0.00240451,0.00148893,6.432,312551200000.0,30.8505,1.76994e+20,0.001
2017-09-01 17:00:00,2.932459e+21,61.189,82.617,80.244,55.894,0.21096635,3383385000000.0,0.01881764,0.01130026,165.316,51.281,512491000000.0,15392.36,9.276461e+22,51.062,61.9,2.466597e+18,0.051,0.366,0.29,0.405,0.1215017,73225000000.0,0.00229766,0.00137979,6.262,295158500000.0,29.21287,1.760562e+20,0.003
2017-09-01 18:00:00,2.917947e+21,61.738,78.47,75.483,55.076,0.10351863,3450651000000.0,0.01776607,0.01004616,159.081,47.468,261872300000.0,14933.34,9.372671e+22,51.783,64.135,2.493499e+18,0.042,0.337,0.281,0.372,0.11176345,70146550000.0,0.00259374,0.00146671,6.93,282729300000.0,28.96283,1.817806e+20,0.003
2017-09-01 19:00:00,2.917942e+21,61.054,82.303,79.14,56.848,0.10599529,3331813000000.0,0.01836549,0.01119836,152.94,50.113,416017400000.0,15358.36,9.127472e+22,50.753,62.927,2.357916e+18,0.045,0.336,0.281,0.371,0.11246521,66838070000.0,0.00216393,0.00131949,5.905,269384800000.0,27.39571,1.628127e+20,0.005
2017-09-01 20:00:00,2.906773e+21,61.304,84.611,81.306,58.703,0.22356264,3660231000000.0,0.01904133,0.01169329,163.542,51.719,719978000000.0,15652.02,9.1939e+22,51.19,61.926,2.337226e+18,0.053,0.362,0.282,0.404,0.12091777,71026380000.0,0.00210382,0.00129197,5.714,286266300000.0,26.82707,1.575806e+20,0.002
2017-09-01 21:00:00,2.956101e+21,61.063,80.084,77.707,55.162,0.2087993,3468253000000.0,0.0181681,0.01101135,166.278,50.245,509987800000.0,15318.25,9.282653e+22,51.191,62.853,2.20222e+18,0.047,0.339,0.258,0.376,0.11195973,67846100000.0,0.00210148,0.00127369,5.812,273459200000.0,26.14653,1.584445e+20,0.003
2017-09-01 22:00:00,2.953494e+21,61.189,80.201,77.774,55.46,0.03494481,3473585000000.0,0.0181271,0.01064727,160.405,49.489,97771420000.0,14840.78,9.162811e+22,51.165,62.723,2.150963e+18,0.04,0.307,0.247,0.333,0.09952073,61444870000.0,0.00210647,0.0012373,5.751,247676400000.0,24.13919,1.490372e+20,0.001
2017-09-01 23:00:00,2.928681e+21,61.342,80.395,76.88,56.046,0.0760804,3514343000000.0,0.01733703,0.00984333,164.125,46.136,502699400000.0,14733.63,9.172972e+22,51.412,64.526,2.260254e+18,0.039,0.308,0.256,0.351,0.10471611,65194920000.0,0.00259388,0.00147272,6.903,262818100000.0,25.35304,1.578448e+20,0.005
2017-09-02 00:00:00,2.926012e+21,61.071,82.557,78.397,57.253,0.07908086,3490342000000.0,0.01802832,0.010542,163.849,48.093,679994800000.0,15245.94,9.236814e+22,50.705,63.569,2.289619e+18,0.043,0.319,0.267,0.357,0.10836153,65651270000.0,0.00230832,0.00134982,6.158,264688400000.0,25.22304,1.528148e+20,0.004
2017-09-02 01:00:00,2.958994e+21,61.679,80.984,77.313,55.809,0.10741843,3548721000000.0,0.01598385,0.00908305,160.54,42.872,284814300000.0,14599.34,9.151409e+22,50.858,63.453,2.232602e+18,0.042,0.305,0.252,0.343,0.10382504,65081380000.0,0.00222609,0.00126504,5.971,262423500000.0,23.18285,1.453187e+20,0.004
2017-09-02 02:00:00,2.990056e+21,61.112,83.46,80.002,56.812,0.1091029,3611069000000.0,0.01678017,0.00963779,166.011,45.23,433224900000.0,14747.34,9.193257e+22,50.933,63.187,2.280128e+18,0.041,0.311,0.259,0.346,0.10514016,65542710000.0,0.00230818,0.00132574,6.222,264316400000.0,24.08422,1.501372e+20,0.001
2017-09-02 03:00:00,3.039698e+21,61.004,82.862,81.306,56.077,0.00508602,3798264000000.0,0.01655264,0.00900761,171.385,44.678,412546900000.0,13974.45,9.205112e+22,50.936,62.359,2.273636e+18,0.04,0.301,0.244,0.346,0.10403744,68530510000.0,0.00248365,0.00135158,6.704,276396500000.0,23.34496,1.537756e+20,0.003
2017-09-02 04:00:00,3.087098e+21,61.27,82.921,81.474,55.731,0.04902685,3689114000000.0,0.0165604,0.00922532,165.471,45.979,370788400000.0,13993.88,9.262511e+22,50.719,60.955,2.103242e+18,0.039,0.292,0.225,0.327,0.09790614,64803820000.0,0.00204581,0.00113969,5.68,261390300000.0,21.65655,1.433441e+20,0.005
2017-09-02 05:00:00,3.093376e+21,60.712,85.093,83.684,56.407,0.14182985,4026636000000.0,0.01807871,0.01009983,171.972,49.974,465962600000.0,13925.57,9.150721e+22,50.819,60.59,2.169203e+18,0.049,0.326,0.235,0.37,0.10974036,72112180000.0,0.00206355,0.00115283,5.704,290887900000.0,22.74744,1.494771e+20,0.007
2017-09-02 06:00:00,3.073038e+21,58.982,92.375,89.367,61.098,0.22145304,3954705000000.0,0.02086084,0.01243298,181.084,57.092,714428100000.0,14547.29,8.871488e+22,48.74,57.949,2.309942e+18,0.059,0.365,0.269,0.43,0.12899677,78667140000.0,0.00219264,0.00130684,6.001,317339400000.0,24.39578,1.487747e+20,0.005
2017-09-02 09:00:00,2.951529e+21,61.245,84.644,81.632,56.822,0.350447,4233115000000.0,0.01905557,0.00997772,169.942,49.519,931651600000.0,13731.5,9.05055e+22,51.114,60.991,2.187286e+18,0.056,0.338,0.236,0.391,0.11533759,76019980000.0,0.00227183,0.00118958,5.904,306621100000.0,23.22108,1.530521e+20,0.007
2017-09-02 10:00:00,2.83083e+21,61.458,87.203,83.565,60.415,0.40351397,3992148000000.0,0.01995582,0.01136289,160.875,50.588,990224100000.0,15223.24,9.000669e+22,50.989,61.725,2.298289e+18,0.067,0.397,0.277,0.471,0.13974862,82625720000.0,0.00241542,0.00137539,6.123,333227400000.0,26.05585,1.54054e+20,0.021
2017-09-02 11:00:00,2.794542e+21,61.663,86.236,82.116,58.865,0.32903707,3764658000000.0,0.01931985,0.01066964,164.79,47.789,1062499000000.0,14754.07,8.776179e+22,51.527,62.626,2.327349e+18,0.061,0.392,0.279,0.463,0.13779987,81967630000.0,0.00247003,0.00136414,6.11,330527500000.0,25.87115,1.538896e+20,0.006
2017-09-02 12:00:00,2.798943e+21,62.337,81.876,78.999,56.397,0.47604498,3901940000000.0,0.01898441,0.00963631,157.998,45.946,1215330000000.0,13852.45,8.771532e+22,51.69,63.255,2.403049e+18,0.061,0.374,0.27,0.444,0.13383348,84744940000.0,0.00256015,0.00129954,6.196,341673300000.0,24.45258,1.548366e+20,0.003
2017-09-02 13:00:00,2.794566e+21,62.153,84.089,80.475,56.644,0.48321936,3732427000000.0,0.02075782,0.01065049,156.848,50.473,1225940000000.0,13655.97,8.594524e+22,50.601,62.376,2.374543e+18,0.06,0.37,0.268,0.432,0.13049987,82131410000.0,0.00253012,0.00129818,6.152,331081400000.0,24.27747,1.527927e+20,0.003
2017-09-02 14:00:00,2.92694e+21,63.118,84.284,81.105,56.058,0.59677917,4319845000000.0,0.01741251,0.00828683,175.389,43.622,1681499000000.0,12789.15,8.940677e+22,51.273,62.614,2.511871e+18,0.058,0.366,0.255,0.43,0.12859647,89899590000.0,0.00256878,0.00122251,6.435,362336400000.0,22.45542,1.56982e+20,0.005
2017-09-02 15:00:00,3.02694e+21,63.8,86.349,81.567,59.208,0.44942766,5049915000000.0,0.01810122,0.00842566,195.883,46.779,1335395000000.0,12651.45,9.328294e+22,52.067,61.834,2.578034e+18,0.062,0.375,0.249,0.44,0.1309019,96517910000.0,0.00257091,0.0011967,6.644,388951800000.0,21.7772,1.605698e+20,0.001
2017-09-02 16:00:00,3.307685e+21,62.731,88.763,87.023,60.803,0.45520416,5647974000000.0,0.00956679,0.00435679,235.639,26.193,1464428000000.0,12286.34,9.809662e+22,51.285,59.797,2.599658e+18,0.058,0.351,0.232,0.415,0.12310624,98290520000.0,0.00250545,0.00114097,6.86,396042500000.0,20.5579,1.641384e+20,0.003
2017-09-02 17:00:00,3.509542e+21,62.077,87.98,85.549,60.753,0.60271931,5398912000000.0,0.01118491,0.00503714,224.968,32.469,2079074000000.0,11468.36,9.819096e+22,51.391,60.323,2.371079e+18,0.042,0.276,0.198,0.326,0.09749345,83472950000.0,0.00226977,0.00102219,6.589,336302600000.0,17.67846,1.513613e+20,0.003
2017-09-02 18:00:00,3.52774e+21,63.197,88.85,87.948,61.047,0.43268943,5431161000000.0,0.00696511,0.00314027,245.592,20.349,1500322000000.0,11184.44,9.626509e+22,51.256,60.438,2.564991e+18,0.034,0.273,0.212,0.307,0.09394578,80859670000.0,0.00248802,0.00112174,7.269,325750800000.0,18.33468,1.578076e+20,0.001
2017-09-02 19:00:00,3.662779e+21,61.439,100.136,96.566,67.141,0.22847389,5874742000000.0,0.00455319,0.00238044,267.767,14.309,944577400000.0,12175.18,9.719302e+22,49.096,57.861,2.522324e+18,0.044,0.314,0.225,0.369,0.1110321,88635570000.0,0.00221971,0.00116047,6.976,357064400000.0,19.19675,1.532454e+20,0.001
2017-09-02 20:00:00,3.822648e+21,61.614,99.033,96.307,68.096,0.38577601,6888735000000.0,0.00465562,0.00230148,293.444,15.107,1424932000000.0,11765.76,1.025655e+23,49.756,56.886,2.562201e+18,0.05,0.321,0.209,0.379,0.11294686,98458990000.0,0.00220588,0.00109046,7.158,396639000000.0,18.09597,1.577477e+20,0.002
2017-09-02 21:00:00,4.038831e+21,62.058,95.023,94.746,64.181,0.12475219,7313565000000.0,0.00207113,0.00091866,311.432,6.843,2392083000000.0,10601.57,1.048771e+23,49.586,56.571,2.476453e+18,0.037,0.26,0.179,0.304,0.09143905,90457030000.0,0.00210722,0.00093466,6.962,364418000000.0,14.86388,1.470425e+20,0.001
2017-09-02 22:00:00,4.189067e+21,61.094,96.442,95.784,65.788,0.26371321,7798645000000.0,-0.00558389,-0.00238305,336.079,18.318,4213704000000.0,10233.15,1.04467e+23,49.006,55.861,2.683554e+18,0.035,0.249,0.187,0.295,0.09029768,92182000000.0,0.0023006,0.00098182,7.547,371394200000.0,14.83185,1.514136e+20,0.001
2017-09-02 23:00:00,4.345504e+21,61.864,96.481,94.383,65.43,0.06170117,8147248000000.0,-0.00883478,-0.00374065,365.952,30.288,2795001000000.0,9827.669,1.056917e+23,49.002,55.717,2.830971e+18,0.033,0.245,0.187,0.288,0.08811875,94767370000.0,0.00222795,0.00094332,7.638,381847900000.0,14.04798,1.510791e+20,0.001
2017-09-03 00:00:00,4.476543e+21,61.549,98.531,95.089,67.821,0.26629931,8418432000000.0,-0.00954463,-0.00415113,386.21,34.014,2739925000000.0,9847.795,1.071637e+23,48.023,54.577,2.869215e+18,0.037,0.254,0.188,0.309,0.09380835,102082200000.0,0.00221335,0.00096265,7.888,411369500000.0,14.23687,1.549256e+20,0.004
2017-09-03 01:00:00,4.632986e+21,60.438,101.052,99.004,68.39,-0.16859901,9036112000000.0,-0.01038346,-0.00455207,408.572,37.919,3632227000000.0,9905.073,1.095891e+23,47.604,53.343,2.978929e+18,0.039,0.264,0.192,0.327,0.09890494,109427800000.0,0.00222581,0.0009758,8.128,441025700000.0,14.67896,1.624071e+20,0.003
2017-09-03 02:00:00,4.709677e+21,60.712,101.338,99.124,68.524,-0.0021689,9383680000000.0,-0.01100527,-0.00469507,429.015,40.302,3996808000000.0,9993.182,1.139216e+23,48.021,53.623,2.981233e+18,0.038,0.256,0.186,0.313,0.09471501,107974500000.0,0.00222735,0.00095023,8.157,435222100000.0,14.44071,1.646232e+20,0.0
2017-09-03 03:00:00,4.834133e+21,61.133,98.725,96.809,67.167,0.32114276,9832566000000.0,-0.01470444,-0.00597614,420.387,54.425,3868309000000.0,9670.596,1.169867e+23,49.269,55.176,2.97703e+18,0.033,0.235,0.175,0.28,0.08527061,103153200000.0,0.00213657,0.00086835,7.908,415835000000.0,13.67166,1.653883e+20,0.001
2017-09-03 04:00:00,5.14477e+21,61.325,96.425,97.256,65.065,0.01437073,10436190000000.0,-0.01593743,-0.00606986,433.892,61.075,4118296000000.0,9098.795,1.215852e+23,48.762,54.015,2.891923e+18,0.03,0.216,0.155,0.257,0.07824019,104550600000.0,0.00209153,0.00079658,8.015,421507100000.0,12.43356,1.66147e+20,0.002
2017-09-03 05:00:00,5.321315e+21,61.45,100.797,100.312,67.899,-0.09644261,11039020000000.0,-0.0128344,-0.00512873,470.04,52.108,3433636000000.0,9201.936,1.241611e+23,48.588,52.589,2.9963e+18,0.034,0.242,0.159,0.288,0.08647745,116683400000.0,0.00212059,0.00084746,8.61,470451800000.0,13.42939,1.812018e+20,0.001
2017-09-03 06:00:00,5.748972e+21,60.881,107.235,105.403,70.067,-0.09137127,12955540000000.0,-0.0143905,-0.00594972,566.939,64.067,2882557000000.0,9090.811,1.300021e+23,47.967,52.006,3.279733e+18,0.042,0.275,0.164,0.327,0.09704131,138772800000.0,0.00204034,0.00084365,9.084,559530200000.0,13.73276,1.963837e+20,0.005
2017-09-03 09:00:00,7.331817e+21,62.843,98.451,98.191,66.645,-0.22303772,18998320000000.0,-0.01683013,-0.00526336,744.226,87.093,7197097000000.0,7138.589,1.568811e+23,50.882,54.067,3.658137e+18,0.031,0.196,0.119,0.24,0.07157135,157288600000.0,0.00201799,0.00063113,10.443,634101600000.0,10.33745,2.271808e+20,0.0
2017-09-03 10:00:00,7.970524e+21,62.323,107.212,107.166,71.985,-0.10616145,21745310000000.0,-0.01844022,-0.00629171,860.565,105.676,8336747000000.0,7870.856,1.75566e+23,50.881,53.578,4.150298e+18,0.037,0.234,0.133,0.285,0.0843625,188177600000.0,0.00206527,0.00070468,11.836,758543200000.0,11.69171,2.607935e+20,0.0
2017-09-03 11:00:00,8.807492e+21,62.929,111.356,112.265,76.031,0.05035864,25735850000000.0,-0.02344036,-0.00822973,1081.539,149.666,6140043000000.0,8583.931,2.073175e+23,51.096,54.795,4.643546e+18,0.036,0.24,0.137,0.293,0.08681737,209679700000.0,0.00206567,0.00072528,13.19,845100500000.0,12.58336,3.03911e+20,0.0
2017-09-03 12:00:00,1.000482e+22,62.479,112.339,115.597,78.044,-0.0203409,28391270000000.0,-0.02697612,-0.00991118,1251.496,197.57,8283348000000.0,8982.174,2.377991e+23,50.807,54.101,4.855977e+18,0.033,0.224,0.131,0.275,0.08144823,215630600000.0,0.00189511,0.00069632,13.88,868948900000.0,12.13787,3.21345e+20,0.003
2017-09-03 13:00:00,1.106576e+22,62.611,111.84,117.197,78.556,-0.05661746,30857930000000.0,-0.0361078,-0.01377021,1418.486,295.371,8066248000000.0,9661.331,2.75218e+23,50.747,54.443,5.029375e+18,0.029,0.21,0.126,0.255,0.07593251,216305600000.0,0.00177913,0.00067857,14.555,871524700000.0,12.00644,3.420221e+20,0.0
2017-09-03 14:00:00,1.224307e+22,62.134,112.362,118.021,80.07,-0.07239639,33004290000000.0,-0.0364384,-0.01481333,1576.781,337.3,10048430000000.0,10219.73,3.090675e+23,50.428,53.509,5.261186e+18,0.03,0.209,0.124,0.252,0.07481339,226252400000.0,0.00165443,0.00067264,15.316,911452300000.0,11.9542,3.615218e+20,0.001
2017-09-03 15:00:00,1.325988e+22,60.994,116.632,123.607,82.87,-0.01868213,35012070000000.0,-0.04206195,-0.01835107,1753.403,426.883,13272550000000.0,11257.83,3.478475e+23,49.728,51.9,5.42711e+18,0.029,0.207,0.125,0.249,0.073652,227572000000.0,0.00154974,0.00067618,15.729,916628400000.0,12.06822,3.728872e+20,0.0
2017-09-03 16:00:00,1.432131e+22,61.47,110.718,118.233,79.661,-0.01452354,35514740000000.0,-0.03962431,-0.01692737,1780.04,434.136,15022080000000.0,11082.46,3.774872e+23,50.09,53.045,5.243058e+18,0.023,0.168,0.11,0.197,0.05904983,201133700000.0,0.00139775,0.0005972,15.316,810031300000.0,10.37994,3.535582e+20,0.001
2017-09-03 17:00:00,1.487601e+22,61.638,107.382,114.84,78.8,-0.00876367,36525690000000.0,-0.0437186,-0.01796426,1814.134,482.79,17068980000000.0,11483.61,4.09879e+23,50.709,53.925,5.226591e+18,0.017,0.144,0.104,0.17,0.05135289,183291400000.0,0.00146567,0.00060238,16.189,738097600000.0,9.927485,3.54337e+20,0.0
2017-09-03 18:00:00,1.617806e+22,61.833,111.713,119.196,81.526,-0.12518871,39205030000000.0,-0.04379616,-0.0201996,1979.45,560.882,19119800000000.0,12434.77,4.585584e+23,51.104,55.128,5.639957e+18,0.017,0.148,0.108,0.171,0.05168439,190597200000.0,0.00125996,0.00058123,16.139,767463100000.0,10.32223,3.806541e+20,0.0
2017-09-03 19:00:00,1.742638e+22,61.311,113.44,121.387,81.876,-0.03185287,43396410000000.0,-0.0478689,-0.02355056,2254.372,678.35,26983780000000.0,13552.83,5.184901e+23,51.123,54.535,5.83508e+18,0.021,0.165,0.109,0.192,0.05728168,219142400000.0,0.00118479,0.00058292,16.79,882373900000.0,10.99712,4.207166e+20,0.0
2017-09-03 20:00:00,1.862433e+22,61.618,107.025,117.084,76.671,-0.08077583,44642860000000.0,-0.0485291,-0.02319917,2351.161,732.792,29067480000000.0,13458.11,5.645712e+23,51.769,55.55,5.709852e+18,0.018,0.145,0.097,0.17,0.05091542,213591600000.0,0.0011515,0.00055059,17.391,860027600000.0,9.847383,4.131005e+20,0.0
2017-09-03 21:00:00,1.922446e+22,61.741,103.468,114.257,78.077,-0.04098171,44968270000000.0,-0.05141591,-0.02413866,2379.488,786.196,30431650000000.0,14615.09,6.321866e+23,51.776,56.188,5.896654e+18,0.014,0.127,0.097,0.148,0.04506225,194920100000.0,0.001198,0.00056251,18.321,784878600000.0,9.641149,4.17035e+20,0.0
2017-09-03 22:00:00,2.064024e+22,61.214,105.604,116.596,80.131,-0.09958463,48984420000000.0,-0.05353187,-0.02582436,2613.402,876.685,37938590000000.0,15613.95,7.039878e+23,51.605,57.52,6.486281e+18,0.014,0.131,0.102,0.151,0.04624791,208518500000.0,0.00118046,0.00056955,19.335,839696100000.0,10.00583,4.511341e+20,0.0
2017-09-03 23:00:00,2.211352e+22,60.984,108.648,120.086,82.316,-0.12034594,53068500000000.0,-0.05947605,-0.0305721,2917.126,1070.604,42322930000000.0,16616.75,7.728798e+23,51.66,57.274,6.916851e+18,0.016,0.139,0.106,0.162,0.04921502,228909400000.0,0.00110841,0.00056994,19.959,921900400000.0,10.71624,4.98435e+20,0.002
2017-09-04 00:00:00,2.330957e+22,60.971,108.533,122.083,81.971,-0.17617425,56044520000000.0,-0.0666426,-0.035147,3211.806,1280.44,53733650000000.0,17168.69,8.307009e+23,51.6,57.418,7.043552e+18,0.017,0.141,0.103,0.167,0.05056171,244641000000.0,0.00109081,0.00057557,20.969,985371800000.0,10.91165,5.279564e+20,0.0
2017-09-04 01:00:00,2.409509e+22,60.812,108.994,121.71,82.15,-0.15620618,58020690000000.0,-0.06616759,-0.03519602,3340.389,1316.929,57029100000000.0,17445.38,8.66886e+23,51.577,57.014,7.297862e+18,0.017,0.143,0.104,0.169,0.05128093,254822300000.0,0.00108727,0.00057863,21.651,1026508000000.0,10.86478,5.398867e+20,0.001
2017-09-04 02:00:00,2.469068e+22,60.889,107.098,120.667,80.594,-0.17639893,57565930000000.0,-0.06517302,-0.03498356,3280.365,1330.914,55657740000000.0,17546.25,8.865089e+23,51.945,57.938,7.273909e+18,0.016,0.138,0.102,0.162,0.04913654,248258100000.0,0.00104099,0.000559,21.267,1000188000000.0,10.56361,5.337172e+20,0.0
2017-09-04 03:00:00,2.515197e+22,60.845,106.021,119.542,79.068,-0.08340677,57436880000000.0,-0.06421296,-0.03401173,3225.396,1320.607,55571510000000.0,17576.43,9.063574e+23,51.964,58.469,7.416198e+18,0.015,0.132,0.102,0.15,0.04568335,235573700000.0,0.00101127,0.00053583,20.805,949190700000.0,10.1842,5.251647e+20,0.001
2017-09-04 04:00:00,2.518172e+22,60.799,102.14,115.078,77.304,-0.09711507,55442810000000.0,-0.06850391,-0.03508115,3059.816,1381.355,57818150000000.0,17390.55,9.094285e+23,52.146,58.613,7.236326e+18,0.012,0.124,0.098,0.141,0.04293411,224521400000.0,0.00105513,0.00054044,21.28,904740200000.0,9.880131,5.166755e+20,0.001
2017-09-04 05:00:00,2.586597e+22,60.73,100.739,114.804,75.322,-0.02043365,56160490000000.0,-0.07025943,-0.03679273,3147.151,1478.92,60499440000000.0,17443.98,9.311961e+23,52.498,58.784,6.896559e+18,0.012,0.119,0.092,0.134,0.04065499,217024800000.0,0.00093757,0.00049123,19.745,874586800000.0,9.432609,5.035322e+20,0.0
2017-09-04 06:00:00,2.721559e+22,60.509,103.725,118.502,75.222,0.02259313,59259430000000.0,-0.07329624,-0.04025928,3452.919,1669.512,64810740000000.0,17709.12,9.753122e+23,52.249,58.095,6.908818e+18,0.015,0.129,0.089,0.149,0.04464821,245895600000.0,0.00088501,0.00048638,20.17,990962100000.0,9.758217,5.37424e+20,0.001
2017-09-04 09:00:00,2.818722e+22,61.016,94.77,109.325,71.841,-0.03534411,61144200000000.0,-0.07647839,-0.03851679,3448.589,1749.202,69779160000000.0,17308.66,1.04394e+24,53.329,60.207,7.489326e+18,0.013,0.114,0.088,0.129,0.03924932,236725000000.0,0.00093744,0.00047237,21.452,953874900000.0,9.602703,5.791692e+20,0.0
2017-09-04 10:00:00,2.923346e+22,60.357,98.596,116.642,72.406,0.00694893,61784040000000.0,-0.07206932,-0.03977924,3628.339,1767.272,63848210000000.0,18170.93,1.072128e+24,52.616,58.931,7.48663e+18,0.015,0.122,0.09,0.139,0.04179398,246594300000.0,0.0008597,0.00047482,21.095,993529800000.0,10.09019,5.953449e+20,0.001
2017-09-04 11:00:00,2.969425e+22,59.703,103.235,121.946,74.558,-0.00941544,63845010000000.0,-0.07135096,-0.0414195,3830.487,1790.234,65587210000000.0,19374.26,1.112149e+24,52.246,58.373,7.778268e+18,0.018,0.137,0.096,0.16,0.04785845,274723800000.0,0.00086964,0.00050512,21.832,1106709000000.0,10.81871,6.210306e+20,0.0
2017-09-04 12:00:00,3.01018e+22,59.865,102.385,121.397,74.682,0.05487184,64806260000000.0,-0.07235352,-0.04281011,3963.611,1854.491,63716530000000.0,19838.57,1.141304e+24,52.455,58.392,8.041304e+18,0.019,0.143,0.099,0.166,0.04962498,285490400000.0,0.00087458,0.00051778,22.43,1149901000000.0,11.23059,6.460908e+20,0.0
2017-09-04 13:00:00,3.046088e+22,59.952,100.988,119.936,74.442,-0.05279186,66292770000000.0,-0.0748656,-0.04444697,4210.052,1948.955,65253710000000.0,19959.17,1.162317e+24,52.561,58.83,8.121863e+18,0.019,0.142,0.099,0.165,0.04930293,287114400000.0,0.00087215,0.00051817,22.721,1156251000000.0,11.3268,6.596137e+20,0.001
2017-09-04 14:00:00,3.099308e+22,59.494,100.02,119.485,74.343,-0.06260996,66951720000000.0,-0.07370773,-0.0443331,4357.271,1958.37,59391370000000.0,20123.45,1.18065e+24,52.221,58.642,8.500966e+18,0.019,0.142,0.103,0.162,0.04857266,284977500000.0,0.00086402,0.0005213,23.028,1147457000000.0,11.56143,6.783133e+20,0.002
2017-09-04 15:00:00,3.159124e+22,59.554,97.841,117.967,72.984,-0.00301764,68166970000000.0,-0.0713406,-0.04159168,4444.913,1921.161,58094680000000.0,19577.33,1.200998e+24,52.26,58.572,9.407713e+18,0.017,0.142,0.117,0.149,0.04487438,275288100000.0,0.00090337,0.00053347,24.641,1108274000000.0,11.37524,6.978299e+20,0.0
2017-09-04 16:00:00,3.17226e+22,59.981,91.833,111.698,69.858,0.04661506,67896110000000.0,-0.07029059,-0.03833171,4390.67,1861.925,60624470000000.0,18809.02,1.21339e+24,52.538,59.336,9.162772e+18,0.013,0.127,0.103,0.131,0.03986047,257144200000.0,0.00088994,0.00048542,23.579,1035093000000.0,10.48336,6.762925e+20,0.0
2017-09-04 17:00:00,3.203555e+22,60.199,92.394,111.282,70.643,-0.03655314,70217170000000.0,-0.07157058,-0.03892384,4585.123,1913.262,61314120000000.0,18840.09,1.229881e+24,52.887,60.419,9.243383e+18,0.012,0.123,0.104,0.131,0.03996021,260860300000.0,0.00093398,0.00050605,24.874,1049942000000.0,10.82249,7.064924e+20,0.0
2017-09-04 18:00:00,3.294264e+22,59.513,100.157,119.766,75.039,-0.0293332,71444840000000.0,-0.07191911,-0.04309795,4932.409,2050.859,60129840000000.0,19917.11,1.258715e+24,52.034,58.741,9.95537e+18,0.015,0.144,0.121,0.146,0.04396723,277862600000.0,0.00085649,0.00051857,24.677,1118297000000.0,11.41257,7.212478e+20,0.0
2017-09-04 19:00:00,3.317805e+22,58.939,99.302,119.515,73.117,0.01593865,71765410000000.0,-0.07018017,-0.04207083,5010.84,2013.089,64476160000000.0,19993.98,1.270582e+24,51.353,57.552,8.806161e+18,0.017,0.171,0.098,0.189,0.06061537,385200100000.0,0.00104975,0.0006296,30.127,1550241000000.0,27.58413,1.752923e+21,0.0
2017-09-04 20:00:00,3.294429e+22,59.42,93.368,113.741,70.726,-0.02215173,70064540000000.0,-0.06942435,-0.03979808,4896.613,1953.329,59009860000000.0,19330.61,1.260028e+24,51.839,58.478,8.510401e+18,0.012,0.116,0.093,0.128,0.03901718,254326000000.0,0.00085342,0.0004897,24.035,1023542000000.0,11.25066,7.333526e+20,0.0
2017-09-04 21:00:00,3.252615e+22,59.512,95.564,112.117,73.375,-0.06687524,70489250000000.0,-0.06705427,-0.03769087,4720.726,1829.817,55347100000000.0,19649.45,1.266876e+24,51.787,58.542,1.040689e+19,0.014,0.158,0.116,0.183,0.05034554,324597300000.0,0.00154934,0.00087186,42.327,1306406000000.0,19.1008,1.231503e+21,0.0
2017-09-04 22:00:00,3.344726e+22,59.008,99.602,116.799,75.04,-0.05336665,71283280000000.0,-0.06541703,-0.03911645,4903.719,1881.853,50849010000000.0,20207.25,1.291086e+24,51.22,57.504,1.17524e+19,0.024,0.238,0.133,0.269,0.07293823,466018500000.0,0.00183159,0.00109582,52.719,1875720000000.0,20.78866,1.328233e+21,0.0
2017-09-04 23:00:00,3.395374e+22,58.698,101.388,119.535,75.992,-0.1159472,74052780000000.0,-0.0653918,-0.04008477,5179.372,1933.289,51727420000000.0,20335.33,1.302537e+24,50.925,56.771,1.116712e+19,0.019,0.183,0.127,0.208,0.06050918,387579000000.0,0.0012858,0.00078973,38.089,1560156000000.0,16.34773,1.04712e+21,0.001
2017-09-05 00:00:00,3.42646e+22,58.318,101.735,120.57,75.76,-0.05783701,74808950000000.0,-0.07036982,-0.04313459,5280.184,2100.266,58061870000000.0,20235.58,1.308537e+24,50.438,56.081,1.056641e+19,0.021,0.237,0.123,0.272,0.09515688,615333300000.0,0.00298883,0.00183249,89.226,2477244000000.0,36.03326,2.330096e+21,0.001
2017-09-05 01:00:00,3.438601e+22,58.153,101.802,120.756,75.751,0.05695275,76065960000000.0,-0.07573403,-0.04667773,5427.803,2273.952,59588840000000.0,20182.52,1.305776e+24,50.367,56.323,1.207699e+19,0.033,0.253,0.128,0.276,0.09066262,586572200000.0,0.00168046,0.00103667,50.502,2361750000000.0,29.47737,1.907137e+21,0.001
2017-09-05 02:00:00,3.481419e+22,57.783,104.079,122.73,76.773,0.00461249,76291990000000.0,-0.07693251,-0.04782192,5446.702,2335.049,58525930000000.0,19958.44,1.294247e+24,50.064,55.608,1.325732e+19,0.022,0.384,0.145,0.403,0.12630695,819063900000.0,0.00263526,0.00163955,80.056,3298248000000.0,56.59705,3.670154e+21,0.0
2017-09-05 03:00:00,3.517559e+22,57.742,105.651,123.376,78.282,-0.04670943,76028120000000.0,-0.07784939,-0.04827186,5367.553,2374.782,60482090000000.0,19840.61,1.296302e+24,49.971,55.424,2.402276e+19,0.046,0.422,0.25,0.43,0.1524194,995844400000.0,0.00335458,0.00208259,102.455,4010561000000.0,65.3651,4.270681e+21,0.0
2017-09-05 04:00:00,3.543267e+22,57.572,103.646,121.132,77.066,-0.06312802,76309530000000.0,-0.07909973,-0.04813677,5363.814,2397.259,65152120000000.0,19752.67,1.306427e+24,49.767,55.803,1.989061e+19,0.037,0.254,0.204,0.268,0.10528766,696364900000.0,0.00308556,0.00188352,93.801,2804722000000.0,47.06856,3.11308e+21,0.0
2017-09-05 05:00:00,3.527358e+22,57.299,102.677,119.974,77.226,0.03183676,76242240000000.0,-0.0827075,-0.04928463,5523.37,2466.104,71332830000000.0,19831.81,1.317903e+24,49.515,55.483,1.696214e+19,0.016,0.304,0.187,0.32,0.10124879,672838900000.0,0.00303793,0.00180973,90.555,2710135000000.0,35.84765,2.38222e+21,0.0
2017-09-05 06:00:00,3.621719e+22,57.128,102.596,121.374,74.947,0.01908365,76968830000000.0,-0.08203226,-0.0492995,5612.93,2543.016,71147380000000.0,19418.44,1.330276e+24,49.491,55.436,1.398734e+19,0.023,0.399,0.155,0.449,0.12703331,870252500000.0,0.00365969,0.00220084,113.526,3505399000000.0,62.43982,4.277493e+21,0.0
2017-09-05 09:00:00,3.707832e+22,56.951,102.344,119.969,74.477,0.1029356,83021670000000.0,-0.08582965,-0.04946293,5905.672,2681.138,74516850000000.0,18782.95,1.352196e+24,49.695,55.835,1.871742e+19,0.018,0.288,0.185,0.287,0.0904944,651475000000.0,0.00284212,0.00164449,89.14,2623794000000.0,42.40613,3.052845e+21,0.0
2017-09-05 10:00:00,3.704309e+22,56.605,103.722,121.997,74.188,0.00669111,80766050000000.0,-0.08699757,-0.05125013,5900.959,2723.227,77849220000000.0,19166.72,1.352588e+24,48.866,54.078,1.58174e+19,0.019,0.301,0.178,0.33,0.09231145,651438500000.0,0.00280894,0.00164746,87.539,2623346000000.0,55.86607,3.942448e+21,0.001
2017-09-05 11:00:00,3.761428e+22,56.408,106.823,125.168,75.308,0.05401407,83244350000000.0,-0.08390993,-0.05026301,6022.45,2686.508,77846200000000.0,19366.9,1.374791e+24,49.021,54.17,2.155809e+19,0.03,0.36,0.226,0.371,0.12041181,854762700000.0,0.00295284,0.00176221,94.189,3441651000000.0,59.25021,4.205971e+21,0.0
2017-09-05 12:00:00,3.788917e+22,56.122,107.061,126.083,75.092,0.11534667,82894590000000.0,-0.08671843,-0.05318488,6133.619,2816.139,81400980000000.0,19742.46,1.388368e+24,48.974,54.154,2.150966e+19,0.031,0.379,0.232,0.391,0.11923817,838529800000.0,0.00342266,0.00209501,110.931,3375759000000.0,54.21876,3.812877e+21,0.0
2017-09-05 13:00:00,3.814344e+22,55.854,106.207,125.308,74.477,0.02234358,83316190000000.0,-0.08860289,-0.0542566,6084.164,2888.133,82994540000000.0,19753.05,1.396458e+24,48.704,53.307,1.808945e+19,0.026,0.315,0.206,0.334,0.10286942,727243600000.0,0.0029768,0.00183115,97.474,2927258000000.0,40.76528,2.881934e+21,0.0
2017-09-05 14:00:00,3.856393e+22,56.007,103.819,122.671,74.15,0.01842931,83717630000000.0,-0.08857811,-0.05342937,6071.231,2916.229,82260670000000.0,19338.83,1.40182e+24,48.774,53.461,1.699696e+19,0.024,0.274,0.187,0.29,0.0956281,693182600000.0,0.0025727,0.00155242,84.733,2789701000000.0,34.70135,2.515408e+21,0.0
2017-09-05 15:00:00,3.892074e+22,55.821,101.762,119.667,73.517,-0.0815938,83671030000000.0,-0.08952349,-0.05317377,6180.422,2962.364,81808160000000.0,19030.6,1.408062e+24,48.648,53.025,2.109554e+19,0.028,0.311,0.206,0.318,0.11004821,814239500000.0,0.00400751,0.00238629,132.943,3276395000000.0,54.51784,4.033739e+21,0.0
2017-09-05 16:00:00,3.888076e+22,55.219,103.216,119.883,75.337,-0.03757215,83104460000000.0,-0.09292653,-0.05609681,6259.786,3070.796,82301390000000.0,19469.37,1.415445e+24,48.156,52.719,2.340404e+19,0.034,0.411,0.24,0.439,0.14248465,1035880000000.0,0.00425924,0.00258446,141.476,4167700000000.0,68.46291,4.977331e+21,0.0
2017-09-05 17:00:00,3.943906e+22,54.682,107.522,124.609,76.768,-0.11040748,81599500000000.0,-0.09413172,-0.06175965,6376.844,3248.434,83534140000000.0,19972.92,1.395185e+24,47.433,51.505,2.530136e+19,0.036,0.429,0.259,0.447,0.15094055,1054377000000.0,0.00354798,0.00233113,122.613,4241686000000.0,52.13215,3.64163e+21,0.0
2017-09-05 18:00:00,3.954785e+22,54.315,109.559,127.631,77.174,-0.19126077,81686800000000.0,-0.09481342,-0.06469841,6560.292,3333.521,80679380000000.0,20809.55,1.424001e+24,47.273,50.663,2.374951e+19,0.066,0.408,0.252,0.425,0.13778009,942831200000.0,0.00309077,0.00211717,109.085,3792680000000.0,49.1275,3.361802e+21,0.001
2017-09-05 19:00:00,3.983516e+22,54.528,105.51,122.885,75.315,-0.07672839,82718300000000.0,-0.10041874,-0.06527562,6486.757,3503.538,88936100000000.0,20715.35,1.476593e+24,47.686,51.514,1.991822e+19,0.031,0.36,0.209,0.393,0.14008543,998530700000.0,0.00365517,0.0023811,127.801,4016612000000.0,64.04669,4.565257e+21,0.0
2017-09-05 20:00:00,3.982657e+22,54.42,103.496,119.895,75.386,-0.09995404,83615370000000.0,-0.09999221,-0.06297039,6478.463,3435.665,88631960000000.0,20533.48,1.487899e+24,47.772,52.123,1.768263e+19,0.029,0.423,0.17,0.46,0.13906759,1007713000000.0,0.00384517,0.00242288,132.193,4053572000000.0,66.0691,4.787506e+21,0.0
2017-09-05 21:00:00,4.030125e+22,54.489,104.93,122.046,75.908,-0.28199962,82126820000000.0,-0.10068054,-0.06617954,6557.246,3563.901,84838920000000.0,20968.16,1.499625e+24,47.688,51.826,2.175311e+19,0.032,0.378,0.229,0.413,0.11980456,856832100000.0,0.00378736,0.00248712,133.936,3446792000000.0,58.10702,4.155765e+21,0.0
2017-09-05 22:00:00,4.073973e+22,54.171,105.831,123.682,75.953,-0.17409267,83482080000000.0,-0.10196704,-0.06840041,6655.779,3676.043,91203760000000.0,21460.38,1.531722e+24,47.305,50.96,1.574084e+19,0.022,0.295,0.178,0.33,0.11225241,801195000000.0,0.00342289,0.00229708,123.452,3223217000000.0,48.81424,3.484088e+21,0.0
2017-09-05 23:00:00,4.072856e+22,54.174,103.329,121.19,74.032,-0.19033888,83015280000000.0,-0.1010478,-0.06775106,6638.036,3662.623,90722170000000.0,21585.73,1.549728e+24,47.505,51.589,1.68071e+19,0.03,0.309,0.169,0.324,0.09632915,691586300000.0,0.00239202,0.00160005,86.499,2782536000000.0,37.53496,2.694788e+21,0.0
2017-09-06 00:00:00,4.116054e+22,53.756,102.258,119.826,73.335,-0.08580072,82407560000000.0,-0.09952597,-0.06704891,6618.409,3639.482,87630310000000.0,21447.25,1.54608e+24,47.142,50.799,1.864178e+19,0.027,0.34,0.175,0.391,0.11077079,798519800000.0,0.00313294,0.00211481,114.794,3213147000000.0,70.01055,5.046891e+21,0.001
2017-09-06 01:00:00,4.152016e+22,53.484,102.368,119.169,73.7,-0.02414826,82159390000000.0,-0.10440179,-0.0712244,6723.227,3859.437,97276780000000.0,21776.84,1.56715e+24,46.916,50.5,1.40378e+19,0.024,0.303,0.139,0.338,0.10593256,762333800000.0,0.00290421,0.00198301,107.454,3067920000000.0,55.66519,4.005894e+21,0.0
2017-09-06 02:00:00,4.185996e+22,53.235,100.939,117.836,71.689,-0.2020423,81445340000000.0,-0.09813442,-0.06626453,6537.577,3625.001,95327870000000.0,21500.18,1.562031e+24,46.62,49.861,1.451654e+19,0.023,0.197,0.142,0.217,0.07565759,549667600000.0,0.00171184,0.00115698,63.292,2212341000000.0,27.23572,1.97873e+21,0.001
2017-09-06 03:00:00,4.209163e+22,53.602,102.58,119.285,72.804,-0.21822003,82633910000000.0,-0.10029618,-0.06856293,6610.543,3755.192,89566760000000.0,21724.48,1.580174e+24,47.002,50.393,1.434825e+19,0.025,0.239,0.137,0.272,0.08852886,643932400000.0,0.00211979,0.00145037,79.437,2592030000000.0,53.12909,3.864451e+21,0.0
2017-09-06 04:00:00,4.270855e+22,53.341,103.971,120.545,73.593,-0.1479516,83838060000000.0,-0.09879546,-0.06707726,6590.252,3718.092,94542770000000.0,21838.63,1.607646e+24,46.646,50.046,1.904273e+19,0.023,0.306,0.187,0.34,0.09956915,732976400000.0,0.00280355,0.00190801,105.761,2950724000000.0,52.37207,3.85536e+21,0.0
2017-09-06 05:00:00,4.340678e+22,52.977,104.334,120.262,73.066,-0.22604594,84639100000000.0,-0.10104434,-0.06779943,6708.132,3841.448,98840220000000.0,21676.01,1.631026e+24,46.453,49.752,2.209187e+19,0.027,0.371,0.215,0.416,0.12944028,973982200000.0,0.00410693,0.00276056,156.411,3921174000000.0,67.04167,5.044596e+21,0.0
2017-09-06 06:00:00,4.454649e+22,52.29,101.44,117.04,70.83,-0.21599282,85821350000000.0,-0.09418182,-0.06183412,6792.896,3630.096,93959410000000.0,20912.0,1.630415e+24,45.76,47.89,2.285658e+19,0.025,0.375,0.229,0.417,0.11728617,914427300000.0,0.00326431,0.00214973,126.204,3681512000000.0,54.98773,4.287145e+21,0.0
2017-09-06 09:00:00,4.59946e+22,51.881,103.292,120.869,70.458,-0.22118479,89260990000000.0,-0.08954407,-0.05969948,6767.119,3575.7,90343970000000.0,20747.12,1.650375e+24,45.564,47.249,1.590269e+19,0.018,0.198,0.168,0.207,0.06278534,499439900000.0,0.00190946,0.00127866,76.585,2010476000000.0,25.50515,2.028864e+21,0.0
2017-09-06 10:00:00,4.582431e+22,51.392,103.882,120.228,72.485,-0.17930815,89534780000000.0,-0.09775697,-0.06379776,7007.845,3824.612,95269440000000.0,21340.83,1.699191e+24,44.947,46.369,2.128935e+19,0.023,0.267,0.198,0.267,0.08339781,664026500000.0,0.0022642,0.00146409,87.771,2672705000000.0,39.01434,3.106383e+21,0.0
2017-09-06 11:00:00,4.644016e+22,51.817,102.302,117.796,71.411,-0.22453529,91958280000000.0,-0.09345945,-0.0589457,6918.497,3652.216,104569500000000.0,20863.07,1.716842e+24,45.492,46.729,2.416345e+19,0.035,0.327,0.24,0.352,0.0956491,787105400000.0,0.0028932,0.00182381,113.002,3167651000000.0,46.7053,3.843423e+21,0.0
2017-09-06 12:00:00,4.533103e+22,51.792,110.105,126.385,76.954,-0.31327546,100571700000000.0,-0.06190259,-0.03697439,7357.481,2271.374,78371730000000.0,21630.71,1.764815e+24,45.785,47.17,6.88411e+19,0.072,0.624,0.603,0.546,0.15761422,1285949000000.0,0.00618429,0.0036779,225.937,5174398000000.0,126.4881,1.031996e+22,0.0
2017-09-06 13:00:00,4.726756e+22,50.547,107.88,120.916,75.572,-0.19957928,97673560000000.0,-0.09755771,-0.06438538,7740.102,3962.792,101507000000000.0,20650.47,1.688021e+24,44.137,44.495,5.279519e+19,0.095,0.511,0.477,0.489,0.15059251,1230981000000.0,0.00429086,0.00281442,173.222,4952395000000.0,73.00885,5.967924e+21,0.0
2017-09-06 14:00:00,4.840663e+22,50.005,107.577,119.715,74.907,-0.22772866,97154530000000.0,-0.0974407,-0.06428353,7681.258,4055.069,104999100000000.0,20523.65,1.719438e+24,43.583,43.447,4.626456e+19,0.038,0.546,0.405,0.554,0.172186,1442546000000.0,0.0043719,0.0028945,182.588,5802604000000.0,103.0864,8.636411e+21,0.0
2017-09-06 15:00:00,4.86347e+22,49.842,106.521,120.716,73.623,-0.24663585,96387560000000.0,-0.08788548,-0.05723573,7389.042,3649.408,93014010000000.0,19916.4,1.686549e+24,43.436,43.142,4.442069e+19,0.049,0.419,0.39,0.433,0.15007041,1270818000000.0,0.00455095,0.00296737,189.203,5111057000000.0,77.06604,6.526062e+21,0.0
2017-09-06 16:00:00,4.929012e+22,49.853,108.3,123.664,73.713,-0.18493252,94097620000000.0,-0.08567335,-0.05820213,7294.008,3669.645,93999670000000.0,20529.8,1.719053e+24,43.367,42.978,3.78802e+19,0.054,0.493,0.346,0.511,0.14653043,1226966000000.0,0.00422478,0.0028714,181.042,4934046000000.0,88.25047,7.38961e+21,0.0
2017-09-06 17:00:00,4.960078e+22,49.314,109.591,126.433,74.369,-0.32755935,92246150000000.0,-0.08376975,-0.06075516,7336.234,3683.403,90755480000000.0,21046.54,1.694597e+24,42.864,42.159,2.936845e+19,0.035,0.391,0.276,0.427,0.1239421,997940500000.0,0.00316125,0.00230023,139.456,4012648000000.0,66.87563,5.384603e+21,0.0
2017-09-06 18:00:00,5.126083e+22,48.594,106.95,122.812,71.971,-0.28316262,91639760000000.0,-0.07619478,-0.05633846,7649.881,3501.21,92855430000000.0,20196.21,1.666927e+24,42.669,42.239,3.71422e+19,0.057,0.48,0.332,0.529,0.15229641,1257003000000.0,0.00406622,0.00301155,187.156,5053975000000.0,88.61008,7.313579e+21,0.0
2017-09-06 19:00:00,5.265125e+22,47.737,103.763,118.451,68.674,-0.1564178,94009630000000.0,-0.07027782,-0.04942527,7712.289,3239.925,88359310000000.0,18976.98,1.652085e+24,42.021,40.892,2.90166e+19,0.045,0.443,0.268,0.486,0.13341953,1161514000000.0,0.00418491,0.00294838,193.272,4669901000000.0,69.85911,6.081746e+21,0.0
2017-09-06 20:00:00,5.281299e+22,47.606,103.376,118.045,68.659,0.02304119,95830070000000.0,-0.0764769,-0.05205034,7354.653,3451.77,87606260000000.0,19136.03,1.685372e+24,41.754,40.686,3.811744e+19,0.033,0.429,0.321,0.456,0.12127638,1068120000000.0,0.00398981,0.00272047,180.41,4294437000000.0,61.67948,5.432312e+21,0.0
2017-09-06 21:00:00,5.271662e+22,48.397,103.958,119.425,69.341,-0.14453635,93334350000000.0,-0.06445277,-0.0462065,7454.356,2992.379,82167200000000.0,19000.52,1.634174e+24,42.415,41.771,2.673475e+19,0.024,0.409,0.25,0.447,0.11816112,1016266000000.0,0.00350066,0.00250964,162.527,4086127000000.0,59.80873,5.143958e+21,0.0
2017-09-06 22:00:00,5.260902e+22,47.58,104.729,119.171,70.56,-0.08725666,91342770000000.0,-0.07406125,-0.05431718,7352.323,3433.878,88780040000000.0,19629.56,1.648077e+24,41.714,40.698,3.851819e+19,0.034,0.446,0.341,0.479,0.13654491,1146417000000.0,0.00398903,0.00292047,184.629,4609771000000.0,80.01956,6.71836e+21,0.0
2017-09-06 23:00:00,5.322507e+22,47.191,100.582,114.152,67.069,-0.08292715,88655410000000.0,-0.07200932,-0.05146327,7063.557,3342.385,93344220000000.0,18786.5,1.620432e+24,41.487,40.584,3.045359e+19,0.034,0.322,0.26,0.33,0.10279827,886687900000.0,0.00276584,0.00197729,128.419,3565749000000.0,62.3343,5.376655e+21,0.0
2017-09-07 00:00:00,5.379487e+22,47.259,98.906,112.357,65.531,-0.18934859,89560910000000.0,-0.0620529,-0.04438885,7345.65,2933.037,81198450000000.0,18285.56,1.604617e+24,41.422,40.466,3.973213e+19,0.051,0.369,0.328,0.387,0.11903039,1044530000000.0,0.00333984,0.00239857,158.488,4200986000000.0,66.47929,5.83377e+21,0.0
2017-09-07 01:00:00,5.383213e+22,47.021,96.817,110.327,64.543,-0.0388694,87578380000000.0,-0.0683146,-0.04739578,6893.05,3169.309,83322680000000.0,18396.92,1.633738e+24,41.096,39.939,3.074873e+19,0.041,0.302,0.249,0.322,0.09633017,855460100000.0,0.00273072,0.00188998,126.381,3440995000000.0,54.46133,4.836438e+21,0.0
2017-09-07 02:00:00,5.407632e+22,46.977,96.282,110.407,63.644,-0.27112597,86090700000000.0,-0.05692953,-0.04011242,6952.385,2672.73,72162980000000.0,18001.63,1.592969e+24,41.069,40.047,3.100319e+19,0.035,0.325,0.264,0.338,0.10395411,919892500000.0,0.00291069,0.0020509,136.654,3700618000000.0,54.92648,4.860458e+21,0.0
2017-09-07 03:00:00,5.386747e+22,47.269,97.457,111.487,63.947,-0.15390909,86510650000000.0,-0.05620479,-0.03959409,6940.932,2621.208,73636170000000.0,18182.64,1.598628e+24,41.649,40.883,3.100359e+19,0.037,0.347,0.27,0.368,0.10800672,949600800000.0,0.00319643,0.00225013,148.963,3820549000000.0,63.40531,5.574628e+21,0.0
2017-09-07 04:00:00,5.373582e+22,46.718,98.785,112.908,64.089,-0.15625913,84188070000000.0,-0.06710322,-0.04658313,6454.427,3062.794,84253310000000.0,18228.86,1.591773e+24,41.056,39.31,2.504987e+19,0.037,0.246,0.215,0.252,0.08203889,716376600000.0,0.00190675,0.00132531,87.138,2882469000000.0,33.48473,2.92394e+21,0.001
2017-09-07 05:00:00,5.424339e+22,46.84,99.155,112.922,63.264,-0.08698191,85388590000000.0,-0.06229754,-0.04173388,6428.768,2814.95,76046680000000.0,18142.45,1.625187e+24,41.146,39.167,2.154425e+19,0.021,0.232,0.183,0.249,0.06745411,604248900000.0,0.00204827,0.00137329,92.628,2431449000000.0,33.15789,2.970259e+21,0.0
2017-09-07 06:00:00,5.495882e+22,46.711,95.099,109.182,60.365,-0.07351647,84352080000000.0,-0.06580276,-0.04205409,6316.064,2959.977,81182610000000.0,17030.14,1.591905e+24,40.994,39.022,2.373237e+19,0.024,0.294,0.21,0.334,0.08598616,803762100000.0,0.00272283,0.00174118,122.553,3234359000000.0,38.31457,3.581483e+21,0.0
2017-09-07 09:00:00,5.435222e+22,46.824,97.367,113.036,61.119,-0.20400916,83420340000000.0,-0.06289911,-0.04198848,6254.283,2820.492,75017420000000.0,17673.39,1.576645e+24,41.455,39.028,1.903131e+19,0.016,0.171,0.165,0.169,0.0499088,445236600000.0,0.0012139,0.00080632,54.163,1791386000000.0,25.45302,2.270666e+21,0.0
2017-09-07 10:00:00,5.536623e+22,46.413,95.447,110.061,58.982,-0.10770664,83596840000000.0,-0.05736143,-0.03626426,6068.399,2548.507,70694260000000.0,16531.98,1.542924e+24,40.957,38.326,2.001521e+19,0.015,0.173,0.164,0.169,0.05256439,490581600000.0,0.00149175,0.00094287,66.261,1973601000000.0,27.82442,2.596843e+21,0.0
2017-09-07 11:00:00,5.590024e+22,46.068,92.896,106.833,57.718,-0.14320263,83530940000000.0,-0.05486277,-0.03353056,5948.287,2426.271,67920110000000.0,15809.46,1.519267e+24,40.62,37.581,1.746719e+19,0.016,0.159,0.133,0.165,0.04878687,468835000000.0,0.00131023,0.00080186,58.023,1885848000000.0,20.28007,1.948887e+21,0.0
2017-09-07 12:00:00,5.604837e+22,45.804,92.444,106.127,57.427,-0.14147896,82259220000000.0,-0.05253321,-0.03235075,5831.543,2325.598,63285120000000.0,15655.12,1.494623e+24,40.415,37.497,1.949371e+19,0.02,0.185,0.159,0.193,0.04962278,473757500000.0,0.0014295,0.00087942,63.219,1905348000000.0,17.687,1.68861e+21,0.0
2017-09-07 13:00:00,5.607408e+22,45.982,90.772,104.321,56.403,-0.12628123,80327670000000.0,-0.04939124,-0.03000337,5587.639,2168.403,58710150000000.0,15413.82,1.479466e+24,40.591,37.448,1.534176e+19,0.015,0.116,0.114,0.116,0.03588693,344453800000.0,0.00064949,0.00039455,28.515,1385088000000.0,11.63727,1.116981e+21,0.0
2017-09-07 14:00:00,5.586574e+22,46.338,90.902,104.391,56.326,-0.14324746,81843490000000.0,-0.0422098,-0.02513067,5458.918,1834.916,49772950000000.0,15051.12,1.459504e+24,40.692,37.501,1.591075e+19,0.015,0.12,0.118,0.118,0.03605983,349671500000.0,0.0006906,0.00041085,29.998,1405840000000.0,13.26612,1.286413e+21,0.0
2017-09-07 15:00:00,5.62243e+22,45.438,91.245,104.54,56.592,-0.1596956,82856700000000.0,-0.05909729,-0.03563897,5769.701,2579.513,70620080000000.0,15075.06,1.449073e+24,39.751,35.955,1.635154e+19,0.015,0.123,0.122,0.119,0.03643761,350252400000.0,0.00072362,0.00043497,31.483,1407962000000.0,14.37735,1.382007e+21,0.0
2017-09-07 16:00:00,5.605696e+22,45.323,93.012,106.697,57.443,-0.16325955,81354840000000.0,-0.06213095,-0.0389537,5882.854,2745.34,74212620000000.0,15363.2,1.437943e+24,39.518,35.721,2.464059e+19,0.016,0.168,0.207,0.149,0.04981644,466264900000.0,0.00136143,0.0008592,60.554,1874072000000.0,19.31154,1.807495e+21,0.0
2017-09-07 17:00:00,5.613723e+22,44.481,93.516,106.615,57.591,-0.2100272,78724420000000.0,-0.06093437,-0.03973655,5808.626,2705.463,77634370000000.0,15465.97,1.398453e+24,38.971,34.641,2.48077e+19,0.017,0.19,0.209,0.181,0.06300666,569714200000.0,0.0017272,0.00112549,76.629,2289636000000.0,27.31554,2.469905e+21,0.0
2017-09-07 18:00:00,5.702932e+22,44.859,91.322,104.877,55.692,-0.16149095,79413900000000.0,-0.05337235,-0.0333258,5583.378,2378.828,65362360000000.0,14797.88,1.402836e+24,39.207,34.829,2.330586e+19,0.018,0.151,0.173,0.15,0.05548386,525985700000.0,0.00134569,0.00083728,59.766,2113752000000.0,28.422,2.6944e+21,0.0
2017-09-07 19:00:00,5.790964e+22,44.738,89.169,102.802,55.047,-0.09519664,81914560000000.0,-0.0527577,-0.03111824,5701.078,2327.956,64952430000000.0,14078.08,1.398708e+24,38.789,34.494,1.763702e+19,0.014,0.141,0.134,0.14,0.04299719,427192800000.0,0.00127035,0.00074979,56.092,1716686000000.0,17.07825,1.696787e+21,0.0
2017-09-07 20:00:00,5.811229e+22,44.237,89.567,103.268,54.679,-0.12018601,79515370000000.0,-0.0521778,-0.03131456,5620.206,2310.576,62406480000000.0,13984.2,1.370345e+24,38.148,33.732,1.780026e+19,0.015,0.249,0.137,0.269,0.05967877,584806800000.0,0.00182525,0.00109635,80.895,2350079000000.0,29.31618,2.872764e+21,0.0
2017-09-07 21:00:00,5.742319e+22,44.234,90.009,104.766,54.903,-0.15013854,77738010000000.0,-0.04834065,-0.03010204,5475.353,2145.102,56968170000000.0,14250.31,1.348618e+24,38.443,34.494,1.493037e+19,0.014,0.111,0.112,0.108,0.03345023,316565600000.0,0.0006077,0.00037888,26.999,1272192000000.0,12.87224,1.2182e+21,0.0
2017-09-07 22:00:00,5.823871e+22,43.918,88.243,102.327,54.316,-0.08223453,78536910000000.0,-0.04540759,-0.02783943,5439.245,2031.888,51607450000000.0,13849.17,1.342418e+24,37.959,33.377,1.526849e+19,0.015,0.109,0.112,0.105,0.03303895,320250900000.0,0.00056624,0.00034751,25.363,1287098000000.0,9.911088,9.606949e+20,0.0
2017-09-07 23:00:00,5.897912e+22,43.339,86.415,100.447,53.203,-0.08849104,78973320000000.0,-0.04124835,-0.0249386,5483.067,1853.237,45461060000000.0,13365.18,1.31904e+24,37.132,32.125,1.533926e+19,0.015,0.108,0.111,0.104,0.03268535,322579200000.0,0.0005716,0.00034588,25.703,1296585000000.0,10.28606,1.015155e+21,0.0
2017-09-08 00:00:00,5.951766e+22,42.914,85.641,98.674,52.916,-0.0794993,79178910000000.0,-0.04010616,-0.02386526,5600.532,1804.046,47555690000000.0,12993.1,1.304423e+24,36.892,31.833,1.556262e+19,0.016,0.108,0.11,0.104,0.03243803,325656900000.0,0.0005911,0.00035187,26.599,1309108000000.0,11.07462,1.111821e+21,0.0
2017-09-08 01:00:00,5.960518e+22,43.241,84.54,98.07,52.414,-0.0663515,78376690000000.0,-0.04092171,-0.02421667,5572.428,1843.325,43117840000000.0,12914.38,1.305525e+24,37.038,31.975,1.576101e+19,0.016,0.11,0.111,0.105,0.03287121,332297500000.0,0.00059237,0.00035057,26.685,1335968000000.0,11.65307,1.178017e+21,0.0
2017-09-08 02:00:00,6.024558e+22,43.066,85.191,99.31,52.689,-0.03713668,78955100000000.0,-0.03785032,-0.02264367,5667.618,1729.773,39387520000000.0,12943.99,1.313176e+24,36.928,32.105,1.556085e+19,0.016,0.106,0.109,0.1,0.0316482,321073000000.0,0.00057781,0.00034564,26.404,1290997000000.0,9.756568,9.898101e+20,0.0
2017-09-08 03:00:00,6.077611e+22,42.306,86.602,101.47,53.202,-0.07739291,79614940000000.0,-0.03660669,-0.02224546,5709.303,1680.667,39980960000000.0,12878.11,1.292195e+24,36.439,30.865,1.621505e+19,0.015,0.113,0.115,0.109,0.03352419,336383100000.0,0.00068102,0.00041382,31.264,1352705000000.0,11.06988,1.110757e+21,0.0
2017-09-08 04:00:00,5.95735e+22,43.073,88.226,103.958,54.136,-0.06200299,78952400000000.0,-0.03627524,-0.02230974,5585.406,1646.035,38880870000000.0,13506.61,1.32351e+24,37.132,31.99,1.548589e+19,0.014,0.109,0.112,0.103,0.03223142,315835000000.0,0.0005831,0.00035857,26.456,1270186000000.0,10.41384,1.02045e+21,0.0
2017-09-08 05:00:00,6.000142e+22,42.462,88.783,105.446,54.601,-0.1379115,82969350000000.0,-0.02849086,-0.01683612,5553.159,1263.467,37844810000000.0,13567.76,1.352259e+24,36.465,30.687,1.572309e+19,0.014,0.109,0.114,0.103,0.0315926,314874300000.0,0.00056803,0.00033565,25.189,1266397000000.0,11.35544,1.131764e+21,0.0
2017-09-08 06:00:00,6.061479e+22,43.464,83.849,97.809,51.091,-0.04053937,77833200000000.0,-0.03628585,-0.02101868,5472.031,1636.199,37583790000000.0,12612.16,1.303899e+24,36.852,31.805,1.63834e+19,0.015,0.106,0.113,0.101,0.03120748,322636300000.0,0.00070981,0.00041108,32.0,1297648000000.0,11.57797,1.19698e+21,0.0
2017-09-08 09:00:00,5.817298e+22,43.008,87.567,104.28,52.498,-0.22653598,76154500000000.0,-0.03048873,-0.01805816,5143.028,1316.71,28526080000000.0,13439.9,1.301551e+24,36.648,31.57,2.187673e+19,0.016,0.144,0.146,0.134,0.04300642,416484100000.0,0.00106445,0.00063529,46.323,1674860000000.0,19.4,1.878741e+21,0.0
2017-09-08 10:00:00,5.886552e+22,43.083,83.895,99.649,50.896,-0.1717315,75130590000000.0,-0.02949523,-0.01695308,5111.202,1275.211,29180950000000.0,12809.67,1.279663e+24,36.474,30.978,1.693992e+19,0.015,0.116,0.12,0.108,0.03442559,343905400000.0,0.00069285,0.00039838,29.966,1382829000000.0,11.87807,1.186597e+21,0.0
2017-09-08 11:00:00,5.913498e+22,43.701,81.271,96.886,50.062,-0.11185625,75843970000000.0,-0.02718623,-0.01505508,5008.233,1166.753,30003420000000.0,12746.75,1.312024e+24,36.896,31.506,1.73304e+19,0.015,0.111,0.12,0.103,0.0325108,334634000000.0,0.00062387,0.0003453,26.76,1345359000000.0,12.18047,1.253737e+21,0.0
2017-09-08 12:00:00,5.949854e+22,43.826,79.693,94.422,49.277,-0.09493524,74763430000000.0,-0.02650448,-0.01463506,4976.728,1143.788,25697010000000.0,12491.35,1.296585e+24,37.148,31.723,1.730372e+19,0.015,0.109,0.118,0.1,0.03216386,333856400000.0,0.00057501,0.00031745,24.81,1342021000000.0,11.17295,1.159737e+21,0.0
2017-09-08 13:00:00,5.954155e+22,43.559,79.204,94.25,49.034,-0.12153255,74784050000000.0,-0.02554595,-0.0139373,4866.852,1090.677,23306070000000.0,12790.11,1.329261e+24,36.822,31.451,1.804763e+19,0.015,0.115,0.125,0.105,0.0333388,346486100000.0,0.00058978,0.00032235,25.226,1392559000000.0,13.18318,1.370112e+21,0.0
2017-09-08 14:00:00,5.91728e+22,43.634,80.113,95.084,49.645,-0.08033251,74758230000000.0,-0.02666088,-0.01454742,4836.069,1127.134,28670630000000.0,12904.72,1.327924e+24,36.945,31.259,1.779764e+19,0.015,0.113,0.123,0.104,0.03312679,340882000000.0,0.00060427,0.00032991,25.561,1369812000000.0,14.49393,1.491458e+21,0.0
2017-09-08 15:00:00,5.89061e+22,43.317,79.368,95.195,48.496,-0.13124803,71392440000000.0,-0.02426026,-0.01351299,4653.051,1027.041,18647900000000.0,12626.5,1.27451e+24,36.512,30.7,1.732776e+19,0.015,0.111,0.122,0.101,0.03249931,328046000000.0,0.00058462,0.00032564,24.75,1318033000000.0,14.5267,1.466316e+21,0.0
2017-09-08 16:00:00,5.836673e+22,42.952,80.161,94.672,49.051,-0.13905273,68686950000000.0,-0.02230994,-0.01287946,4538.605,946.383,18427630000000.0,12745.93,1.243842e+24,36.519,31.17,1.688575e+19,0.015,0.113,0.123,0.101,0.0324572,316741200000.0,0.00053858,0.00031097,22.85,1272448000000.0,12.26843,1.197244e+21,0.0
2017-09-08 17:00:00,5.902449e+22,42.882,79.623,94.775,48.36,-0.17330095,68745020000000.0,-0.02109144,-0.01226656,4598.083,907.259,17349500000000.0,12548.29,1.23267e+24,36.895,31.973,1.655096e+19,0.014,0.109,0.119,0.096,0.03132823,307750100000.0,0.00051506,0.00029951,22.152,1236204000000.0,9.571513,9.402489e+20,0.0
2017-09-08 18:00:00,6.074276e+22,42.808,77.13,91.798,46.562,-0.13560769,69819230000000.0,-0.02180516,-0.01205144,4588.314,946.182,22932490000000.0,11902.91,1.241086e+24,36.659,31.067,1.667801e+19,0.014,0.103,0.114,0.091,0.02972556,309940700000.0,0.00050782,0.00028062,22.032,1244920000000.0,9.223627,9.617239e+20,0.0
2017-09-08 19:00:00,6.054013e+22,42.955,75.001,89.646,46.346,-0.08355938,69268610000000.0,-0.01915674,-0.01027059,4515.802,815.885,19281310000000.0,11714.49,1.235939e+24,36.431,30.877,1.588225e+19,0.014,0.097,0.107,0.086,0.02787909,294138700000.0,0.00048022,0.00025742,20.449,1181414000000.0,8.432034,8.896231e+20,0.0
2017-09-08 20:00:00,5.949172e+22,42.483,75.281,90.148,45.955,-0.13944478,66016120000000.0,-0.01878464,-0.01026434,4258.352,787.942,19030550000000.0,11751.23,1.198022e+24,36.26,30.477,1.624374e+19,0.014,0.102,0.114,0.089,0.02913525,297030000000.0,0.00049384,0.0002697,20.704,1193036000000.0,8.781504,8.952625e+20,0.0
2017-09-08 21:00:00,5.953825e+22,41.982,74.509,88.513,45.786,-0.15314651,62174330000000.0,-0.01914808,-0.01075547,4080.594,809.177,21077250000000.0,11839.55,1.183032e+24,36.066,30.525,1.620475e+19,0.015,0.102,0.115,0.089,0.02944581,294228600000.0,0.00046215,0.00025956,19.528,1181837000000.0,8.151028,8.144675e+20,0.0
2017-09-08 22:00:00,6.010767e+22,42.094,71.229,83.605,44.017,-0.10960314,61691610000000.0,-0.01914937,-0.0103975,4000.937,807.002,19454590000000.0,11281.48,1.162882e+24,36.174,30.712,1.666464e+19,0.015,0.101,0.115,0.088,0.02924184,301421600000.0,0.0004533,0.00024609,19.1,1210820000000.0,7.687346,7.924029e+20,0.0
2017-09-08 23:00:00,6.051926e+22,42.024,69.311,81.813,42.898,-0.09322424,61928820000000.0,-0.02119648,-0.01130367,3951.325,894.064,24731820000000.0,10726.93,1.126789e+24,35.676,30.237,1.708021e+19,0.016,0.104,0.116,0.088,0.02917623,306475900000.0,0.00047108,0.00025121,19.87,1231246000000.0,7.438534,7.81366e+20,0.0
2017-09-09 00:00:00,6.077743e+22,42.06,68.434,82.611,41.706,-0.05945386,61223530000000.0,-0.02275669,-0.01190197,3928.969,956.883,29872230000000.0,10237.79,1.093137e+24,35.702,30.026,1.762827e+19,0.017,0.105,0.118,0.089,0.02953209,315328200000.0,0.00047899,0.00025049,20.139,1266957000000.0,7.043818,7.521019e+20,0.0
2017-09-09 01:00:00,5.944004e+22,42.555,67.815,82.347,41.639,-0.10342817,59727350000000.0,-0.02038531,-0.01033665,3776.685,822.828,26391090000000.0,10774.31,1.139035e+24,36.12,31.208,1.765784e+19,0.017,0.104,0.119,0.089,0.02962358,313173600000.0,0.00046554,0.00023602,18.788,1258456000000.0,7.138447,7.5466e+20,0.0
2017-09-09 02:00:00,5.959585e+22,42.255,67.785,81.542,40.879,-0.05400606,58442540000000.0,-0.01824306,-0.00921182,3712.161,736.052,22596970000000.0,10557.92,1.120407e+24,35.54,30.961,1.766226e+19,0.018,0.104,0.119,0.089,0.02938921,311878500000.0,0.00046352,0.00023399,18.697,1253403000000.0,6.905749,7.328386e+20,0.0
2017-09-09 03:00:00,5.95556e+22,42.459,68.795,82.415,40.109,-0.05915274,57756400000000.0,-0.02051445,-0.01055941,3742.002,839.631,25259850000000.0,10362.69,1.094308e+24,35.47,30.452,1.71057e+19,0.017,0.102,0.116,0.086,0.02856739,301673900000.0,0.0004644,0.00023897,19.002,1212523000000.0,6.645168,7.01735e+20,0.0
2017-09-09 04:00:00,5.843464e+22,42.628,69.361,82.447,40.63,-0.07988503,56649670000000.0,-0.01504638,-0.00786389,3645.834,602.814,20217580000000.0,10854.97,1.105078e+24,35.965,31.727,1.653033e+19,0.016,0.101,0.116,0.086,0.02845096,289641900000.0,0.00044191,0.00023093,17.702,1164263000000.0,7.031282,7.158119e+20,0.0
